day,city,contacts_city,contacts_stad,contact_to_baseline_city,contact_to_baseline_all
2024-04-29,Berlin,1206,0,1.052749719416386,1.052749719416386
2024-04-29,Dortmund,262,0,1.108827085852479,1.108827085852479
2024-04-29,Düsseldorf,204,0,0.9622641509433962,0.9622641509433962
2024-04-29,Frankfurt am Main,162,0,0.8649885583524027,0.8649885583524027
2024-04-29,Gelsenkirchen,446,0,1.6884802595997834,1.6884802595997834
2024-04-29,Hamburg,702,0,1.1221740123315826,1.1221740123315826
2024-04-29,Köln,304,0,1.1164742917103883,1.1164742917103883
2024-04-29,Leipzig,604,0,1.32125,1.32125
2024-04-29,München,100,0,0.8264462809917356,0.8264462809917356
2024-04-29,Stuttgart,146,0,0.8668363019508059,0.8668363019508059
2024-04-30,Berlin,1372,0,1.1129910766021556,1.1129910766021556
2024-04-30,Dortmund,378,0,1.4364820846905537,1.4364820846905537
2024-04-30,Düsseldorf,252,0,1.135135135135135,1.135135135135135
2024-04-30,Frankfurt am Main,244,0,1.19859649122807,1.19859649122807
2024-04-30,Gelsenkirchen,430,0,1.618279569892473,1.618279569892473
2024-04-30,Hamburg,754,0,1.11988117971568,1.11988117971568
2024-04-30,Köln,420,0,1.3731900980850071,1.3731900980850071
2024-04-30,Leipzig,646,0,1.2942186605609616,1.2942186605609616
2024-04-30,München,148,0,1.1224268689057422,1.1224268689057422
2024-04-30,Stuttgart,340,0,1.6391184573002755,1.6391184573002755
2024-05-01,Berlin,694,0,0.5797827903091061,0.5797827903091061
2024-05-01,Dortmund,256,22,1.0095774647887323,1.096338028169014
2024-05-01,Düsseldorf,120,0,0.5562913907284768,0.5562913907284768
2024-05-01,Frankfurt am Main,74,0,0.4150641025641026,0.4150641025641026
2024-05-01,Gelsenkirchen,204,0,0.7611940298507462,0.7611940298507462
2024-05-01,Hamburg,380,0,0.5439672801635992,0.5439672801635992
2024-05-01,Köln,164,0,0.5258818140174073,0.5258818140174073
2024-05-01,Leipzig,408,0,0.7852625790486665,0.7852625790486665
2024-05-01,München,66,0,0.4894067796610169,0.4894067796610169
2024-05-01,Stuttgart,134,0,0.5415704387990763,0.5415704387990763
2024-05-02,Berlin,1200,0,0.9446693657219973,0.9446693657219973
2024-05-02,Dortmund,284,0,1.1491329479768786,1.1491329479768786
2024-05-02,Düsseldorf,252,0,1.172093023255814,1.172093023255814
2024-05-02,Frankfurt am Main,138,0,0.6964671953857245,0.6964671953857245
2024-05-02,Gelsenkirchen,358,0,1.3024948024948027,1.3024948024948027
2024-05-02,Hamburg,736,0,1.0339153120610074,1.0339153120610074
2024-05-02,Köln,308,0,0.9940064545873676,0.9940064545873676
2024-05-02,Leipzig,562,0,1.1091062870031012,1.1091062870031012
2024-05-02,München,158,0,1.1803628601921023,1.1803628601921023
2024-05-02,Stuttgart,202,0,1.1012461059190033,1.1012461059190033
2024-05-03,Berlin,1332,0,1.0101841820151678,1.0101841820151678
2024-05-03,Dortmund,316,0,1.0634615384615385,1.0634615384615385
2024-05-03,Düsseldorf,170,6,0.6600110926234055,0.6833056017748198
2024-05-03,Frankfurt am Main,166,0,0.7798657718120805,0.7798657718120805
2024-05-03,Gelsenkirchen,332,0,1.1731448763250882,1.1731448763250882
2024-05-03,Hamburg,728,34,0.9114648542300126,0.9540332677517439
2024-05-03,Köln,384,0,0.9770992366412213,0.9770992366412213
2024-05-03,Leipzig,658,0,1.054728646668193,1.054728646668193
2024-05-03,München,116,0,0.8063555114200596,0.8063555114200596
2024-05-03,Stuttgart,176,0,0.88,0.88
2024-05-04,Berlin,1406,0,1.2745402745402745,1.2745402745402745
2024-05-04,Dortmund,468,34,1.4060085836909872,1.5081545064377684
2024-05-04,Düsseldorf,178,0,0.5200333889816361,0.5200333889816361
2024-05-04,Frankfurt am Main,180,0,0.9866875489428348,0.9866875489428348
2024-05-04,Gelsenkirchen,290,0,1.217756448710258,1.217756448710258
2024-05-04,Hamburg,662,0,0.8830030487804879,0.8830030487804879
2024-05-04,Köln,578,20,1.470203488372093,1.5210755813953487
2024-05-04,Leipzig,692,0,1.3931550186942767,1.3931550186942767
2024-05-04,München,116,0,0.7785234899328859,0.7785234899328859
2024-05-04,Stuttgart,504,32,2.113840623127621,2.2480527261833436
2024-05-05,Berlin,764,12,1.104274210200289,1.1216188313029114
2024-05-05,Dortmund,274,0,1.3347251217814893,1.3347251217814893
2024-05-05,Düsseldorf,146,0,0.7481698389458272,0.7481698389458272
2024-05-05,Frankfurt am Main,128,14,0.9511677282377918,1.0552016985138004
2024-05-05,Gelsenkirchen,222,0,1.3489583333333333,1.3489583333333333
2024-05-05,Hamburg,400,0,0.7417218543046357,0.7417218543046357
2024-05-05,Köln,236,0,0.7996127783155856,0.7996127783155856
2024-05-05,Leipzig,356,0,1.111012037449844,1.111012037449844
2024-05-05,München,74,0,0.7028493894165535,0.7028493894165535
2024-05-05,Stuttgart,122,0,1.0351515151515152,1.0351515151515152
2024-05-06,Berlin,1114,0,0.9724404539219353,0.9724404539219353
2024-05-06,Dortmund,352,0,1.4897218863361548,1.4897218863361548
2024-05-06,Düsseldorf,212,2,1.0,1.009433962264151
2024-05-06,Frankfurt am Main,192,0,1.0251716247139588,1.0251716247139588
2024-05-06,Gelsenkirchen,342,0,1.294753921038399,1.294753921038399
2024-05-06,Hamburg,654,0,1.0454441653345512,1.0454441653345512
2024-05-06,Köln,326,0,1.1972717733473244,1.1972717733473244
2024-05-06,Leipzig,538,0,1.176875,1.176875
2024-05-06,München,108,0,0.8925619834710744,0.8925619834710744
2024-05-06,Stuttgart,146,0,0.8668363019508059,0.8668363019508059
2024-05-07,Berlin,1252,0,1.01564491829876,1.01564491829876
2024-05-07,Dortmund,310,0,1.1780673181324646,1.1780673181324646
2024-05-07,Düsseldorf,244,0,1.0990990990990992,1.0990990990990992
2024-05-07,Frankfurt am Main,182,0,0.8940350877192982,0.8940350877192982
2024-05-07,Gelsenkirchen,316,0,1.189247311827957,1.189247311827957
2024-05-07,Hamburg,604,0,0.8970931466157436,0.8970931466157436
2024-05-07,Köln,284,0,0.9285380663241477,0.9285380663241477
2024-05-07,Leipzig,524,0,1.0497996565540926,1.0497996565540926
2024-05-07,München,158,0,1.198266522210184,1.198266522210184
2024-05-07,Stuttgart,198,0,0.9545454545454546,0.9545454545454546
2024-05-08,Berlin,1504,0,1.2564745196324143,1.2564745196324143
2024-05-08,Dortmund,346,0,1.364507042253521,1.364507042253521
2024-05-08,Düsseldorf,244,0,1.1311258278145695,1.1311258278145695
2024-05-08,Frankfurt am Main,212,0,1.189102564102564,1.189102564102564
2024-05-08,Gelsenkirchen,326,0,1.2164179104477613,1.2164179104477613
2024-05-08,Hamburg,1006,0,1.440081799591002,1.440081799591002
2024-05-08,Köln,498,0,1.5968850206138343,1.5968850206138343
2024-05-08,Leipzig,912,0,1.7552928237558427,1.7552928237558427
2024-05-08,München,178,0,1.319915254237288,1.319915254237288
2024-05-08,Stuttgart,298,0,1.2043879907621247,1.2043879907621247
2024-05-09,Berlin,610,0,0.48020692757534866,0.48020692757534866
2024-05-09,Dortmund,202,0,0.8173410404624277,0.8173410404624277
2024-05-09,Düsseldorf,104,0,0.48372093023255813,0.48372093023255813
2024-05-09,Frankfurt am Main,128,0,0.6459985580389329,0.6459985580389329
2024-05-09,Gelsenkirchen,176,0,0.6403326403326404,0.6403326403326404
2024-05-09,Hamburg,564,0,0.7922937989163155,0.7922937989163155
2024-05-09,Köln,240,24,0.7745504840940526,0.8520055325034579
2024-05-09,Leipzig,296,0,0.5841556244713842,0.5841556244713842
2024-05-09,München,90,0,0.6723585912486659,0.6723585912486659
2024-05-09,Stuttgart,178,0,0.9704049844236761,0.9704049844236761
2024-05-10,Berlin,992,0,0.752329360780065,0.752329360780065
2024-05-10,Dortmund,380,0,1.2788461538461537,1.2788461538461537
2024-05-10,Düsseldorf,194,0,0.7531891292290627,0.7531891292290627
2024-05-10,Frankfurt am Main,178,0,0.836241610738255,0.836241610738255
2024-05-10,Gelsenkirchen,300,0,1.0600706713780919,1.0600706713780919
2024-05-10,Hamburg,888,0,1.1117868002146307,1.1117868002146307
2024-05-10,Köln,348,0,0.8854961832061069,0.8854961832061069
2024-05-10,Leipzig,606,0,0.9713762308220746,0.9713762308220746
2024-05-10,München,146,0,1.0148957298907646,1.0148957298907646
2024-05-10,Stuttgart,288,0,1.44,1.44
2024-05-11,Berlin,956,22,0.8666148666148666,0.8865578865578866
2024-05-11,Dortmund,234,0,0.7030042918454936,0.7030042918454936
2024-05-11,Düsseldorf,270,0,0.7888146911519199,0.7888146911519199
2024-05-11,Frankfurt am Main,152,0,0.8332028191072828,0.8332028191072828
2024-05-11,Gelsenkirchen,304,30,1.2765446910617877,1.4025194961007799
2024-05-11,Hamburg,1012,0,1.3498475609756098,1.3498475609756098
2024-05-11,Köln,472,24,1.2005813953488371,1.2616279069767442
2024-05-11,Leipzig,590,30,1.1878055795225768,1.2482024733966062
2024-05-11,München,152,0,1.0201342281879195,1.0201342281879195
2024-05-11,Stuttgart,282,0,1.18274415817855,1.18274415817855
2024-05-12,Berlin,740,0,1.0695849679950444,1.0695849679950444
2024-05-12,Dortmund,168,0,0.8183716075156576,0.8183716075156576
2024-05-12,Düsseldorf,178,0,0.9121522693997072,0.9121522693997072
2024-05-12,Frankfurt am Main,104,0,0.7728237791932059,0.7728237791932059
2024-05-12,Gelsenkirchen,172,0,1.0451388888888888,1.0451388888888888
2024-05-12,Hamburg,810,18,1.5019867549668873,1.5353642384105959
2024-05-12,Köln,290,0,0.9825750242013552,0.9825750242013552
2024-05-12,Leipzig,378,0,1.1796700847079804,1.1796700847079804
2024-05-12,München,146,32,1.3867028493894165,1.6906377204884666
2024-05-12,Stuttgart,154,0,1.3066666666666666,1.3066666666666666
2024-05-13,Berlin,1150,0,1.0038658186806335,1.0038658186806335
2024-05-13,Dortmund,236,0,0.9987908101571947,0.9987908101571947
2024-05-13,Düsseldorf,196,0,0.9245283018867925,0.9245283018867925
2024-05-13,Frankfurt am Main,190,0,1.0144927536231885,1.0144927536231885
2024-05-13,Gelsenkirchen,288,0,1.090319091400757,1.090319091400757
2024-05-13,Hamburg,666,0,1.0646266270838092,1.0646266270838092
2024-05-13,Köln,372,0,1.366211962224554,1.366211962224554
2024-05-13,Leipzig,536,0,1.1724999999999999,1.1724999999999999
2024-05-13,München,192,0,1.5867768595041323,1.5867768595041323
2024-05-13,Stuttgart,180,0,1.0687022900763359,1.0687022900763359
2024-05-14,Berlin,1156,0,0.9377679916560435,0.9377679916560435
2024-05-14,Dortmund,264,0,1.003257328990228,1.003257328990228
2024-05-14,Düsseldorf,212,0,0.954954954954955,0.954954954954955
2024-05-14,Frankfurt am Main,160,0,0.7859649122807018,0.7859649122807018
2024-05-14,Gelsenkirchen,346,0,1.3021505376344085,1.3021505376344085
2024-05-14,Hamburg,628,0,0.9327392319117335,0.9327392319117335
2024-05-14,Köln,360,0,1.1770200840728633,1.1770200840728633
2024-05-14,Leipzig,474,0,0.9496279336004578,0.9496279336004578
2024-05-14,München,134,0,1.0162513542795233,1.0162513542795233
2024-05-14,Stuttgart,176,0,0.8484848484848485,0.8484848484848485
2024-05-15,Berlin,1264,0,1.0559732664995822,1.0559732664995822
2024-05-15,Dortmund,276,0,1.088450704225352,1.088450704225352
2024-05-15,Düsseldorf,212,0,0.9827814569536424,0.9827814569536424
2024-05-15,Frankfurt am Main,158,0,0.8862179487179488,0.8862179487179488
2024-05-15,Gelsenkirchen,408,0,1.5223880597014925,1.5223880597014925
2024-05-15,Hamburg,704,0,1.0077709611451944,1.0077709611451944
2024-05-15,Köln,296,0,0.9491525423728814,0.9491525423728814
2024-05-15,Leipzig,758,0,1.45889469342865,1.45889469342865
2024-05-15,München,162,0,1.201271186440678,1.201271186440678
2024-05-15,Stuttgart,228,0,0.9214780600461894,0.9214780600461894
2024-05-16,Berlin,1466,0,1.1540710751237067,1.1540710751237067
2024-05-16,Dortmund,260,0,1.0520231213872833,1.0520231213872833
2024-05-16,Düsseldorf,218,0,1.013953488372093,1.013953488372093
2024-05-16,Frankfurt am Main,198,0,0.9992790194664745,0.9992790194664745
2024-05-16,Gelsenkirchen,410,0,1.491683991683992,1.491683991683992
2024-05-16,Hamburg,738,0,1.036724864539434,1.036724864539434
2024-05-16,Köln,476,0,1.5361917934532043,1.5361917934532043
2024-05-16,Leipzig,676,0,1.3340851423738371,1.3340851423738371
2024-05-16,München,220,0,1.6435432230522946,1.6435432230522946
2024-05-16,Stuttgart,192,0,1.046728971962617,1.046728971962617
2024-05-17,Berlin,1464,0,1.1102925243770314,1.1102925243770314
2024-05-17,Dortmund,292,0,0.9826923076923076,0.9826923076923076
2024-05-17,Düsseldorf,234,0,0.9084858569051582,0.9084858569051582
2024-05-17,Frankfurt am Main,264,0,1.2402684563758388,1.2402684563758388
2024-05-17,Gelsenkirchen,512,64,1.8091872791519434,2.035335689045936
2024-05-17,Hamburg,1100,0,1.3772133786442498,1.3772133786442498
2024-05-17,Köln,498,0,1.2671755725190839,1.2671755725190839
2024-05-17,Leipzig,836,0,1.3400503778337531,1.3400503778337531
2024-05-17,München,156,0,1.0844091360476662,1.0844091360476662
2024-05-17,Stuttgart,206,0,1.03,1.03
2024-05-18,Berlin,1092,16,0.98989898989899,1.0044030044030043
2024-05-18,Dortmund,332,54,0.9974248927038627,1.1596566523605152
2024-05-18,Düsseldorf,218,0,0.6368948247078464,0.6368948247078464
2024-05-18,Frankfurt am Main,186,10,1.019577133907596,1.0743931088488645
2024-05-18,Gelsenkirchen,226,0,0.949010197960408,0.949010197960408
2024-05-18,Hamburg,778,0,1.0377286585365855,1.0377286585365855
2024-05-18,Köln,406,0,1.032703488372093,1.032703488372093
2024-05-18,Leipzig,664,0,1.3367845844118493,1.3367845844118493
2024-05-18,München,144,0,0.9664429530201343,0.9664429530201343
2024-05-18,Stuttgart,266,14,1.115638106650689,1.1743559017375675
2024-05-19,Berlin,792,2,1.1447449927730744,1.1476357629568448
2024-05-19,Dortmund,770,0,3.750869867780098,3.750869867780098
2024-05-19,Düsseldorf,202,14,1.0351390922401171,1.1068814055636895
2024-05-19,Frankfurt am Main,104,0,0.7728237791932059,0.7728237791932059
2024-05-19,Gelsenkirchen,158,0,0.9600694444444444,0.9600694444444444
2024-05-19,Hamburg,458,28,0.8492715231788078,0.9011920529801324
2024-05-19,Köln,456,0,1.5450145208131654,1.5450145208131654
2024-05-19,Leipzig,590,0,1.8412839946500221,1.8412839946500221
2024-05-19,München,98,0,0.9308005427408412,0.9308005427408412
2024-05-19,Stuttgart,116,0,0.9842424242424243,0.9842424242424243
2024-05-20,Berlin,624,0,0.5447063224841002,0.5447063224841002
2024-05-20,Dortmund,170,0,0.7194679564691657,0.7194679564691657
2024-05-20,Düsseldorf,106,0,0.5,0.5
2024-05-20,Frankfurt am Main,204,0,1.0892448512585813,1.0892448512585813
2024-05-20,Gelsenkirchen,142,0,0.5375878853434288,0.5375878853434288
2024-05-20,Hamburg,332,0,0.5307147750627997,0.5307147750627997
2024-05-20,Köln,238,0,0.8740818467995803,0.8740818467995803
2024-05-20,Leipzig,382,0,0.835625,0.835625
2024-05-20,München,76,0,0.628099173553719,0.628099173553719
2024-05-20,Stuttgart,80,0,0.47497879558948264,0.47497879558948264
2024-05-21,Berlin,1214,0,0.9848186348360181,0.9848186348360181
2024-05-21,Dortmund,266,0,1.01085776330076,1.01085776330076
2024-05-21,Düsseldorf,212,0,0.954954954954955,0.954954954954955
2024-05-21,Frankfurt am Main,208,0,1.0217543859649123,1.0217543859649123
2024-05-21,Gelsenkirchen,322,54,1.2118279569892472,1.4150537634408602
2024-05-21,Hamburg,720,0,1.0693825588796944,1.0693825588796944
2024-05-21,Köln,464,0,1.5170481083605794,1.5170481083605794
2024-05-21,Leipzig,608,0,1.2180881511161992,1.2180881511161992
2024-05-21,München,142,0,1.0769230769230769,1.0769230769230769
2024-05-21,Stuttgart,218,0,1.0509641873278237,1.0509641873278237
2024-05-22,Berlin,1308,0,1.0927318295739348,1.0927318295739348
2024-05-22,Dortmund,222,0,0.8754929577464788,0.8754929577464788
2024-05-22,Düsseldorf,242,0,1.1218543046357616,1.1218543046357616
2024-05-22,Frankfurt am Main,202,0,1.1330128205128205,1.1330128205128205
2024-05-22,Gelsenkirchen,280,0,1.044776119402985,1.044776119402985
2024-05-22,Hamburg,648,0,0.9276073619631902,0.9276073619631902
2024-05-22,Köln,346,0,1.109482363719652,1.109482363719652
2024-05-22,Leipzig,560,0,1.0778113830079736,1.0778113830079736
2024-05-22,München,116,0,0.8601694915254237,0.8601694915254237
2024-05-22,Stuttgart,186,0,0.7517321016166282,0.7517321016166282
2024-05-23,Berlin,1234,0,0.9714349977507872,0.9714349977507872
2024-05-23,Dortmund,326,0,1.3190751445086706,1.3190751445086706
2024-05-23,Düsseldorf,280,2,1.302325581395349,1.3116279069767443
2024-05-23,Frankfurt am Main,192,0,0.9689978370583995,0.9689978370583995
2024-05-23,Gelsenkirchen,366,0,1.3316008316008316,1.3316008316008316
2024-05-23,Hamburg,682,0,0.9580573951434879,0.9580573951434879
2024-05-23,Köln,340,0,1.0972798524665746,1.0972798524665746
2024-05-23,Leipzig,648,0,1.278827177896814,1.278827177896814
2024-05-23,München,104,0,0.7769477054429028,0.7769477054429028
2024-05-23,Stuttgart,128,0,0.6978193146417446,0.6978193146417446
2024-05-24,Berlin,1358,0,1.0299024918743227,1.0299024918743227
2024-05-24,Dortmund,368,0,1.2384615384615383,1.2384615384615383
2024-05-24,Düsseldorf,234,0,0.9084858569051582,0.9084858569051582
2024-05-24,Frankfurt am Main,180,0,0.8456375838926175,0.8456375838926175
2024-05-24,Gelsenkirchen,252,0,0.8904593639575972,0.8904593639575972
2024-05-24,Hamburg,688,0,0.8613843677338581,0.8613843677338581
2024-05-24,Köln,698,0,1.7760814249363868,1.7760814249363868
2024-05-24,Leipzig,574,0,0.9200824364552324,0.9200824364552324
2024-05-24,München,240,20,1.6683217477656405,1.8073485600794439
2024-05-24,Stuttgart,106,0,0.53,0.53
2024-05-25,Berlin,1010,20,0.9155659155659156,0.9336959336959337
2024-05-25,Dortmund,300,0,0.9012875536480688,0.9012875536480688
2024-05-25,Düsseldorf,240,0,0.7011686143572621,0.7011686143572621
2024-05-25,Frankfurt am Main,192,0,1.052466718872357,1.052466718872357
2024-05-25,Gelsenkirchen,222,0,0.9322135572885423,0.9322135572885423
2024-05-25,Hamburg,1024,0,1.3658536585365855,1.3658536585365855
2024-05-25,Köln,572,4,1.454941860465116,1.4651162790697674
2024-05-25,Leipzig,458,0,0.9220592464768479,0.9220592464768479
2024-05-25,München,192,0,1.2885906040268456,1.2885906040268456
2024-05-25,Stuttgart,136,0,0.5704014379868185,0.5704014379868185
2024-05-26,Berlin,636,0,0.9192649184389841,0.9192649184389841
2024-05-26,Dortmund,182,0,0.8865692414752958,0.8865692414752958
2024-05-26,Düsseldorf,120,0,0.6149341142020498,0.6149341142020498
2024-05-26,Frankfurt am Main,150,0,1.1146496815286624,1.1146496815286624
2024-05-26,Gelsenkirchen,122,0,0.7413194444444444,0.7413194444444444
2024-05-26,Hamburg,378,0,0.7009271523178807,0.7009271523178807
2024-05-26,Köln,252,0,0.8538238141335914,0.8538238141335914
2024-05-26,Leipzig,300,0,0.9362460989745875,0.9362460989745875
2024-05-26,München,220,16,2.08955223880597,2.2415196743554953
2024-05-26,Stuttgart,116,0,0.9842424242424243,0.9842424242424243
2024-05-27,Berlin,1264,0,1.1033794737498441,1.1033794737498441
2024-05-27,Dortmund,256,0,1.0834340991535671,1.0834340991535671
2024-05-27,Düsseldorf,254,28,1.1981132075471699,1.330188679245283
2024-05-27,Frankfurt am Main,314,0,1.6765827612509536,1.6765827612509536
2024-05-27,Gelsenkirchen,248,0,0.938885884261763,0.938885884261763
2024-05-27,Hamburg,610,0,0.9751084722539393,0.9751084722539393
2024-05-27,Köln,262,0,0.9622245540398741,0.9622245540398741
2024-05-27,Leipzig,474,0,1.036875,1.036875
2024-05-27,München,108,0,0.8925619834710744,0.8925619834710744
2024-05-27,Stuttgart,130,0,0.7718405428329093,0.7718405428329093
2024-05-28,Berlin,1248,0,1.0124000463553133,1.0124000463553133
2024-05-28,Dortmund,250,0,0.9500542888165037,0.9500542888165037
2024-05-28,Düsseldorf,272,0,1.2252252252252251,1.2252252252252251
2024-05-28,Frankfurt am Main,222,0,1.0905263157894736,1.0905263157894736
2024-05-28,Gelsenkirchen,316,0,1.189247311827957,1.189247311827957
2024-05-28,Hamburg,644,0,0.9565032887757267,0.9565032887757267
2024-05-28,Köln,318,0,1.0397010742643624,1.0397010742643624
2024-05-28,Leipzig,534,0,1.0698340011448197,1.0698340011448197
2024-05-28,München,94,0,0.7128927410617552,0.7128927410617552
2024-05-28,Stuttgart,156,0,0.7520661157024794,0.7520661157024794
2024-05-29,Berlin,1256,0,1.0492898913951545,1.0492898913951545
2024-05-29,Dortmund,326,0,1.2856338028169014,1.2856338028169014
2024-05-29,Düsseldorf,290,0,1.3443708609271523,1.3443708609271523
2024-05-29,Frankfurt am Main,214,0,1.2003205128205128,1.2003205128205128
2024-05-29,Gelsenkirchen,320,0,1.1940298507462686,1.1940298507462686
2024-05-29,Hamburg,844,0,1.2081799591002045,1.2081799591002045
2024-05-29,Köln,540,0,1.7315620705451216,1.7315620705451216
2024-05-29,Leipzig,380,0,0.7313720098982678,0.7313720098982678
2024-05-29,München,112,0,0.8305084745762712,0.8305084745762712
2024-05-29,Stuttgart,170,0,0.687066974595843,0.687066974595843
2024-05-30,Berlin,1504,0,1.1839856050382367,1.1839856050382367
2024-05-30,Dortmund,152,0,0.6150289017341041,0.6150289017341041
2024-05-30,Düsseldorf,126,0,0.586046511627907,0.586046511627907
2024-05-30,Frankfurt am Main,114,0,0.5753424657534246,0.5753424657534246
2024-05-30,Gelsenkirchen,176,0,0.6403326403326404,0.6403326403326404
2024-05-30,Hamburg,836,0,1.17439293598234,1.17439293598234
2024-05-30,Köln,358,0,1.1553711387736285,1.1553711387736285
2024-05-30,Leipzig,592,0,1.1683112489427685,1.1683112489427685
2024-05-30,München,104,0,0.7769477054429028,0.7769477054429028
2024-05-30,Stuttgart,72,0,0.39252336448598135,0.39252336448598135
2024-05-31,Berlin,1464,0,1.1102925243770314,1.1102925243770314
2024-05-31,Dortmund,264,0,0.8884615384615384,0.8884615384615384
2024-05-31,Düsseldorf,268,0,1.0404880754298391,1.0404880754298391
2024-05-31,Frankfurt am Main,224,0,1.0523489932885906,1.0523489932885906
2024-05-31,Gelsenkirchen,376,0,1.3286219081272084,1.3286219081272084
2024-05-31,Hamburg,854,0,1.0692183866928993,1.0692183866928993
2024-05-31,Köln,338,0,0.8600508905852418,0.8600508905852418
2024-05-31,Leipzig,766,0,1.2278452026562856,1.2278452026562856
2024-05-31,München,130,0,0.9036742800397219,0.9036742800397219
2024-05-31,Stuttgart,274,0,1.37,1.37
2024-06-01,Berlin,1570,0,1.4232064232064232,1.4232064232064232
2024-06-01,Dortmund,456,0,1.3699570815450646,1.3699570815450646
2024-06-01,Düsseldorf,1040,0,3.0383973288814694,3.0383973288814694
2024-06-01,Frankfurt am Main,182,6,0.9976507439310885,1.0305403288958497
2024-06-01,Gelsenkirchen,210,0,0.8818236352729454,0.8818236352729454
2024-06-01,Hamburg,658,0,0.8776676829268293,0.8776676829268293
2024-06-01,Köln,310,0,0.788517441860465,0.788517441860465
2024-06-01,Leipzig,606,0,1.2200172562553926,1.2200172562553926
2024-06-01,München,94,0,0.6308724832214765,0.6308724832214765
2024-06-01,Stuttgart,180,0,0.7549430796884362,0.7549430796884362
2024-06-02,Berlin,704,0,1.0175511046871772,1.0175511046871772
2024-06-02,Dortmund,128,0,0.6235212247738344,0.6235212247738344
2024-06-02,Düsseldorf,190,0,0.9736456808199122,0.9736456808199122
2024-06-02,Frankfurt am Main,156,0,1.1592356687898089,1.1592356687898089
2024-06-02,Gelsenkirchen,186,0,1.1302083333333333,1.1302083333333333
2024-06-02,Hamburg,714,0,1.3239735099337746,1.3239735099337746
2024-06-02,Köln,256,0,0.8673765730880929,0.8673765730880929
2024-06-02,Leipzig,466,0,1.454302273740526,1.454302273740526
2024-06-02,München,86,0,0.8168249660786974,0.8168249660786974
2024-06-02,Stuttgart,144,0,1.2218181818181817,1.2218181818181817
2024-06-03,Berlin,1228,0,1.071954108991146,1.071954108991146
2024-06-03,Dortmund,230,0,0.973397823458283,0.973397823458283
2024-06-03,Düsseldorf,222,0,1.0471698113207548,1.0471698113207548
2024-06-03,Frankfurt am Main,188,0,1.003813882532418,1.003813882532418
2024-06-03,Gelsenkirchen,370,0,1.4007571660356948,1.4007571660356948
2024-06-03,Hamburg,664,0,1.0614295501255995,1.0614295501255995
2024-06-03,Köln,240,0,0.8814270724029382,0.8814270724029382
2024-06-03,Leipzig,508,0,1.1112499999999998,1.1112499999999998
2024-06-03,München,116,0,0.9586776859504132,0.9586776859504132
2024-06-03,Stuttgart,128,0,0.7599660729431722,0.7599660729431722
2024-06-04,Berlin,1190,0,0.9653494031753389,0.9653494031753389
2024-06-04,Dortmund,224,0,0.8512486427795873,0.8512486427795873
2024-06-04,Düsseldorf,258,0,1.162162162162162,1.162162162162162
2024-06-04,Frankfurt am Main,176,0,0.8645614035087719,0.8645614035087719
2024-06-04,Gelsenkirchen,280,0,1.053763440860215,1.053763440860215
2024-06-04,Hamburg,674,0,1.0010608953957139,1.0010608953957139
2024-06-04,Köln,294,0,0.961233068659505,0.961233068659505
2024-06-04,Leipzig,682,0,1.3663423010875786,1.3663423010875786
2024-06-04,München,112,0,0.8494041170097508,0.8494041170097508
2024-06-04,Stuttgart,204,0,0.9834710743801653,0.9834710743801653
2024-06-05,Berlin,1306,0,1.091060985797828,1.091060985797828
2024-06-05,Dortmund,228,0,0.8991549295774648,0.8991549295774648
2024-06-05,Düsseldorf,260,0,1.205298013245033,1.205298013245033
2024-06-05,Frankfurt am Main,182,0,1.0208333333333335,1.0208333333333335
2024-06-05,Gelsenkirchen,316,0,1.1791044776119404,1.1791044776119404
2024-06-05,Hamburg,656,0,0.9390593047034765,0.9390593047034765
2024-06-05,Köln,318,0,1.0196976637654604,1.0196976637654604
2024-06-05,Leipzig,532,0,1.023920813857575,1.023920813857575
2024-06-05,München,90,0,0.6673728813559322,0.6673728813559322
2024-06-05,Stuttgart,200,0,0.8083140877598153,0.8083140877598153
2024-06-06,Berlin,1474,0,1.1603688708951867,1.1603688708951867
2024-06-06,Dortmund,280,0,1.1329479768786128,1.1329479768786128
2024-06-06,Düsseldorf,234,0,1.0883720930232559,1.0883720930232559
2024-06-06,Frankfurt am Main,176,0,0.8882480173035329,0.8882480173035329
2024-06-06,Gelsenkirchen,290,0,1.0550935550935552,1.0550935550935552
2024-06-06,Hamburg,626,0,0.8793899257475416,0.8793899257475416
2024-06-06,Köln,358,0,1.1553711387736285,1.1553711387736285
2024-06-06,Leipzig,654,0,1.2906681702847476,1.2906681702847476
2024-06-06,München,160,0,1.1953041622198506,1.1953041622198506
2024-06-06,Stuttgart,182,0,0.9922118380062306,0.9922118380062306
2024-06-07,Berlin,1348,0,1.0223185265438786,1.0223185265438786
2024-06-07,Dortmund,254,0,0.8548076923076923,0.8548076923076923
2024-06-07,Düsseldorf,228,0,0.8851913477537439,0.8851913477537439
2024-06-07,Frankfurt am Main,208,0,0.9771812080536912,0.9771812080536912
2024-06-07,Gelsenkirchen,290,0,1.0247349823321554,1.0247349823321554
2024-06-07,Hamburg,716,0,0.8964407082811662,0.8964407082811662
2024-06-07,Köln,312,0,0.7938931297709924,0.7938931297709924
2024-06-07,Leipzig,616,0,0.9874055415617128,0.9874055415617128
2024-06-07,München,86,0,0.5978152929493545,0.5978152929493545
2024-06-07,Stuttgart,144,0,0.72,0.72
2024-06-08,Berlin,1078,2,0.9772079772079773,0.9790209790209791
2024-06-08,Dortmund,262,0,0.7871244635193133,0.7871244635193133
2024-06-08,Düsseldorf,364,0,1.0634390651085142,1.0634390651085142
2024-06-08,Frankfurt am Main,156,0,0.8551292090837902,0.8551292090837902
2024-06-08,Gelsenkirchen,236,0,0.991001799640072,0.991001799640072
2024-06-08,Hamburg,696,0,0.9283536585365855,0.9283536585365855
2024-06-08,Köln,560,0,1.4244186046511627,1.4244186046511627
2024-06-08,Leipzig,452,0,0.909979867702042,0.909979867702042
2024-06-08,München,136,0,0.912751677852349,0.912751677852349
2024-06-08,Stuttgart,168,0,0.7046135410425405,0.7046135410425405
2024-06-09,Berlin,786,2,1.1360726822217633,1.1389634524055336
2024-06-09,Dortmund,180,0,0.8768267223382046,0.8768267223382046
2024-06-09,Düsseldorf,138,0,0.7071742313323572,0.7071742313323572
2024-06-09,Frankfurt am Main,128,0,0.9511677282377918,0.9511677282377918
2024-06-09,Gelsenkirchen,146,0,0.8871527777777777,0.8871527777777777
2024-06-09,Hamburg,580,0,1.0754966887417217,1.0754966887417217
2024-06-09,Köln,352,0,1.1926427879961277,1.1926427879961277
2024-06-09,Leipzig,318,0,0.9924208649130628,0.9924208649130628
2024-06-09,München,152,32,1.4436906377204883,1.7476255088195385
2024-06-09,Stuttgart,118,0,1.0012121212121212,1.0012121212121212
2024-06-10,Berlin,1466,0,1.2797106871180943,1.2797106871180943
2024-06-10,Dortmund,242,0,1.0241837968561065,1.0241837968561065
2024-06-10,Düsseldorf,210,0,0.9905660377358491,0.9905660377358491
2024-06-10,Frankfurt am Main,170,0,0.9077040427154844,0.9077040427154844
2024-06-10,Gelsenkirchen,222,0,0.8404542996214169,0.8404542996214169
2024-06-10,Hamburg,686,0,1.0965973966659055,1.0965973966659055
2024-06-10,Köln,326,0,1.1972717733473244,1.1972717733473244
2024-06-10,Leipzig,508,0,1.1112499999999998,1.1112499999999998
2024-06-10,München,134,0,1.1074380165289257,1.1074380165289257
2024-06-10,Stuttgart,144,0,0.8549618320610688,0.8549618320610688
2024-06-11,Berlin,1376,0,1.116235948545602,1.116235948545602
2024-06-11,Dortmund,250,0,0.9500542888165037,0.9500542888165037
2024-06-11,Düsseldorf,258,2,1.162162162162162,1.1711711711711712
2024-06-11,Frankfurt am Main,216,0,1.0610526315789472,1.0610526315789472
2024-06-11,Gelsenkirchen,218,0,0.8204301075268817,0.8204301075268817
2024-06-11,Hamburg,820,0,1.2179079142796518,1.2179079142796518
2024-06-11,Köln,244,0,0.7977580569827184,0.7977580569827184
2024-06-11,Leipzig,538,0,1.0778477389811105,1.0778477389811105
2024-06-11,München,126,0,0.9555796316359696,0.9555796316359696
2024-06-11,Stuttgart,188,0,0.90633608815427,0.90633608815427
2024-06-12,Berlin,1360,0,1.136173767752715,1.136173767752715
2024-06-12,Dortmund,220,0,0.8676056338028169,0.8676056338028169
2024-06-12,Düsseldorf,226,0,1.047682119205298,1.047682119205298
2024-06-12,Frankfurt am Main,162,0,0.9086538461538461,0.9086538461538461
2024-06-12,Gelsenkirchen,240,0,0.8955223880597015,0.8955223880597015
2024-06-12,Hamburg,682,0,0.9762781186094069,0.9762781186094069
2024-06-12,Köln,414,2,1.3275309207512598,1.3339441136051307
2024-06-12,Leipzig,572,0,1.1009073412152874,1.1009073412152874
2024-06-12,München,198,10,1.4682203389830508,1.542372881355932
2024-06-12,Stuttgart,174,0,0.7032332563510393,0.7032332563510393
2024-06-13,Berlin,1288,0,1.0139451192082771,1.0139451192082771
2024-06-13,Dortmund,290,0,1.1734104046242775,1.1734104046242775
2024-06-13,Düsseldorf,234,0,1.0883720930232559,1.0883720930232559
2024-06-13,Frankfurt am Main,240,0,1.2112472963229992,1.2112472963229992
2024-06-13,Gelsenkirchen,298,0,1.0841995841995844,1.0841995841995844
2024-06-13,Hamburg,734,0,1.0311057595825808,1.0311057595825808
2024-06-13,Köln,274,0,0.8842784693407101,0.8842784693407101
2024-06-13,Leipzig,538,0,1.0617423174513674,1.0617423174513674
2024-06-13,München,92,0,0.687299893276414,0.687299893276414
2024-06-13,Stuttgart,188,0,1.0249221183800623,1.0249221183800623
2024-06-14,Berlin,1388,0,1.0526543878656553,1.0526543878656553
2024-06-14,Dortmund,304,0,1.023076923076923,1.023076923076923
2024-06-14,Düsseldorf,272,0,1.0560177481974489,1.0560177481974489
2024-06-14,Frankfurt am Main,264,0,1.2402684563758388,1.2402684563758388
2024-06-14,Gelsenkirchen,254,0,0.8975265017667845,0.8975265017667845
2024-06-14,Hamburg,800,0,1.0016097299230908,1.0016097299230908
2024-06-14,Köln,370,0,0.9414758269720102,0.9414758269720102
2024-06-14,Leipzig,714,0,1.144492786810167,1.144492786810167
2024-06-14,München,130,10,0.9036742800397219,0.9731876861966237
2024-06-14,Stuttgart,214,0,1.07,1.07
2024-06-15,Berlin,994,10,0.9010619010619011,0.9101269101269102
2024-06-15,Dortmund,284,10,0.8532188841201718,0.8832618025751073
2024-06-15,Düsseldorf,206,0,0.6018363939899833,0.6018363939899833
2024-06-15,Frankfurt am Main,158,0,0.8660924040720439,0.8660924040720439
2024-06-15,Gelsenkirchen,186,0,0.7810437912417517,0.7810437912417517
2024-06-15,Hamburg,598,0,0.7976371951219513,0.7976371951219513
2024-06-15,Köln,224,0,0.5697674418604651,0.5697674418604651
2024-06-15,Leipzig,388,0,0.7811331607707794,0.7811331607707794
2024-06-15,München,108,0,0.7248322147651006,0.7248322147651006
2024-06-15,Stuttgart,136,0,0.5704014379868185,0.5704014379868185
2024-06-16,Berlin,562,0,0.8123064216394796,0.8123064216394796
2024-06-16,Dortmund,176,0,0.8573416840640223,0.8573416840640223
2024-06-16,Düsseldorf,164,0,0.8404099560761347,0.8404099560761347
2024-06-16,Frankfurt am Main,136,0,1.010615711252654,1.010615711252654
2024-06-16,Gelsenkirchen,178,0,1.081597222222222,1.081597222222222
2024-06-16,Hamburg,474,8,0.8789403973509933,0.893774834437086
2024-06-16,Köln,298,0,1.009680542110358,1.009680542110358
2024-06-16,Leipzig,268,0,0.8363798484172982,0.8363798484172982
2024-06-16,München,82,0,0.7788331071913162,0.7788331071913162
2024-06-16,Stuttgart,118,8,1.0012121212121212,1.069090909090909
2024-06-17,Berlin,1174,0,1.0248160618530988,1.0248160618530988
2024-06-17,Dortmund,206,0,0.8718258766626361,0.8718258766626361
2024-06-17,Düsseldorf,204,2,0.9622641509433962,0.9716981132075472
2024-06-17,Frankfurt am Main,154,2,0.8222730739893211,0.8329519450800915
2024-06-17,Gelsenkirchen,228,0,0.8631692806922661,0.8631692806922661
2024-06-17,Hamburg,476,0,0.7609043160538936,0.7609043160538936
2024-06-17,Köln,282,0,1.0356768100734524,1.0356768100734524
2024-06-17,Leipzig,450,0,0.984375,0.984375
2024-06-17,München,106,2,0.8760330578512396,0.8925619834710744
2024-06-17,Stuttgart,162,0,0.9618320610687023,0.9618320610687023
2024-06-18,Berlin,1218,0,0.9880635067794645,0.9880635067794645
2024-06-18,Dortmund,320,20,1.2160694896851247,1.292073832790445
2024-06-18,Düsseldorf,238,0,1.072072072072072,1.072072072072072
2024-06-18,Frankfurt am Main,346,0,1.6996491228070174,1.6996491228070174
2024-06-18,Gelsenkirchen,208,0,0.7827956989247311,0.7827956989247311
2024-06-18,Hamburg,534,0,0.7931253978357733,0.7931253978357733
2024-06-18,Köln,280,0,0.9154600653900048,0.9154600653900048
2024-06-18,Leipzig,544,0,1.0898683457355467,1.0898683457355467
2024-06-18,München,110,0,0.8342361863488624,0.8342361863488624
2024-06-18,Stuttgart,184,0,0.8870523415977962,0.8870523415977962
2024-06-19,Berlin,1186,0,0.9908103592314118,0.9908103592314118
2024-06-19,Dortmund,222,0,0.8754929577464788,0.8754929577464788
2024-06-19,Düsseldorf,198,0,0.9178807947019867,0.9178807947019867
2024-06-19,Frankfurt am Main,176,0,0.9871794871794872,0.9871794871794872
2024-06-19,Gelsenkirchen,216,0,0.8059701492537313,0.8059701492537313
2024-06-19,Hamburg,686,0,0.9820040899795501,0.9820040899795501
2024-06-19,Köln,248,0,0.7952359138799817,0.7952359138799817
2024-06-19,Leipzig,480,0,0.9238383282925489,0.9238383282925489
2024-06-19,München,126,0,0.934322033898305,0.934322033898305
2024-06-19,Stuttgart,260,24,1.0508083140877598,1.1478060046189378
2024-06-20,Berlin,1190,0,0.9367971210076473,0.9367971210076473
2024-06-20,Dortmund,244,0,0.9872832369942197,0.9872832369942197
2024-06-20,Düsseldorf,214,0,0.9953488372093023,0.9953488372093023
2024-06-20,Frankfurt am Main,228,4,1.1506849315068493,1.170872386445566
2024-06-20,Gelsenkirchen,226,0,0.8222453222453223,0.8222453222453223
2024-06-20,Hamburg,738,0,1.036724864539434,1.036724864539434
2024-06-20,Köln,296,0,0.9552789303826649,0.9552789303826649
2024-06-20,Leipzig,524,0,1.034113335212856,1.034113335212856
2024-06-20,München,166,2,1.2401280683030949,1.255069370330843
2024-06-20,Stuttgart,216,0,1.177570093457944,1.177570093457944
2024-06-21,Berlin,1236,2,0.9373781148429035,0.9388949079089923
2024-06-21,Dortmund,258,0,0.8682692307692307,0.8682692307692307
2024-06-21,Düsseldorf,210,6,0.8153078202995009,0.8386023294509152
2024-06-21,Frankfurt am Main,192,0,0.9020134228187919,0.9020134228187919
2024-06-21,Gelsenkirchen,314,0,1.1095406360424027,1.1095406360424027
2024-06-21,Hamburg,706,0,0.8839205866571276,0.8839205866571276
2024-06-21,Köln,416,0,1.0585241730279897,1.0585241730279897
2024-06-21,Leipzig,610,2,0.9777879551179299,0.9809938172658575
2024-06-21,München,146,0,1.0148957298907646,1.0148957298907646
2024-06-21,Stuttgart,190,0,0.95,0.95
2024-06-22,Berlin,880,0,0.7977207977207977,0.7977207977207977
2024-06-22,Dortmund,320,22,0.96137339055794,1.0274678111587983
2024-06-22,Düsseldorf,226,0,0.6602671118530885,0.6602671118530885
2024-06-22,Frankfurt am Main,198,0,1.0853563038371183,1.0853563038371183
2024-06-22,Gelsenkirchen,172,0,0.7222555488902219,0.7222555488902219
2024-06-22,Hamburg,654,2,0.8723323170731708,0.8750000000000001
2024-06-22,Köln,296,4,0.752906976744186,0.7630813953488371
2024-06-22,Leipzig,406,0,0.817371297095197,0.817371297095197
2024-06-22,München,208,16,1.395973154362416,1.5033557046979866
2024-06-22,Stuttgart,182,0,0.7633313361294188,0.7633313361294188
2024-06-23,Berlin,644,0,0.9308279991740657,0.9308279991740657
2024-06-23,Dortmund,192,0,0.9352818371607516,0.9352818371607516
2024-06-23,Düsseldorf,148,0,0.7584187408491947,0.7584187408491947
2024-06-23,Frankfurt am Main,208,16,1.5456475583864118,1.6645435244161357
2024-06-23,Gelsenkirchen,144,0,0.8749999999999999,0.8749999999999999
2024-06-23,Hamburg,460,0,0.852980132450331,0.852980132450331
2024-06-23,Köln,222,0,0.7521781219748306,0.7521781219748306
2024-06-23,Leipzig,274,0,0.85510477039679,0.85510477039679
2024-06-23,München,76,0,0.7218453188602442,0.7218453188602442
2024-06-23,Stuttgart,98,2,0.8315151515151515,0.8484848484848485
2024-06-24,Berlin,1122,0,0.9794238683127571,0.9794238683127571
2024-06-24,Dortmund,262,0,1.108827085852479,1.108827085852479
2024-06-24,Düsseldorf,282,4,1.330188679245283,1.349056603773585
2024-06-24,Frankfurt am Main,198,0,1.0572082379862702,1.0572082379862702
2024-06-24,Gelsenkirchen,208,0,0.787452677122769,0.787452677122769
2024-06-24,Hamburg,602,0,0.9623201644211007,0.9623201644211007
2024-06-24,Köln,256,0,0.9401888772298007,0.9401888772298007
2024-06-24,Leipzig,414,4,0.9056249999999999,0.9143749999999999
2024-06-24,München,120,0,0.9917355371900827,0.9917355371900827
2024-06-24,Stuttgart,158,0,0.9380831212892282,0.9380831212892282
2024-06-25,Berlin,1326,4,1.0756750492525204,1.078919921195967
2024-06-25,Dortmund,278,10,1.056460369163952,1.0944625407166122
2024-06-25,Düsseldorf,184,0,0.8288288288288288,0.8288288288288288
2024-06-25,Frankfurt am Main,182,0,0.8940350877192982,0.8940350877192982
2024-06-25,Gelsenkirchen,182,0,0.6849462365591398,0.6849462365591398
2024-06-25,Hamburg,606,0,0.9000636537237428,0.9000636537237428
2024-06-25,Köln,408,2,1.3339560952825784,1.3404950957496498
2024-06-25,Leipzig,374,0,0.7492844876931883,0.7492844876931883
2024-06-25,München,128,6,0.970747562296858,1.0162513542795233
2024-06-25,Stuttgart,142,0,0.684573002754821,0.684573002754821
2024-06-26,Berlin,1268,0,1.059314954051796,1.059314954051796
2024-06-26,Dortmund,224,0,0.8833802816901408,0.8833802816901408
2024-06-26,Düsseldorf,252,0,1.1682119205298014,1.1682119205298014
2024-06-26,Frankfurt am Main,232,8,1.3012820512820513,1.3461538461538463
2024-06-26,Gelsenkirchen,276,14,1.0298507462686568,1.0820895522388059
2024-06-26,Hamburg,636,0,0.9104294478527608,0.9104294478527608
2024-06-26,Köln,246,0,0.788822721026111,0.788822721026111
2024-06-26,Leipzig,376,0,0.7236733571624966,0.7236733571624966
2024-06-26,München,176,0,1.3050847457627117,1.3050847457627117
2024-06-26,Stuttgart,232,18,0.9376443418013857,1.010392609699769
2024-06-27,Berlin,1358,0,1.069050832208727,1.069050832208727
2024-06-27,Dortmund,216,0,0.8739884393063584,0.8739884393063584
2024-06-27,Düsseldorf,266,0,1.2372093023255815,1.2372093023255815
2024-06-27,Frankfurt am Main,204,0,1.0295602018745493,1.0295602018745493
2024-06-27,Gelsenkirchen,208,0,0.7567567567567568,0.7567567567567568
2024-06-27,Hamburg,650,0,0.9131045554886614,0.9131045554886614
2024-06-27,Köln,298,0,0.9617335177501153,0.9617335177501153
2024-06-27,Leipzig,408,0,0.8051874823794756,0.8051874823794756
2024-06-27,München,140,0,1.0458911419423693,1.0458911419423693
2024-06-27,Stuttgart,200,0,1.090342679127726,1.090342679127726
2024-06-28,Berlin,1394,0,1.057204767063922,1.057204767063922
2024-06-28,Dortmund,216,0,0.7269230769230769,0.7269230769230769
2024-06-28,Düsseldorf,644,0,2.500277315585136,2.500277315585136
2024-06-28,Frankfurt am Main,188,0,0.8832214765100671,0.8832214765100671
2024-06-28,Gelsenkirchen,276,0,0.9752650176678446,0.9752650176678446
2024-06-28,Hamburg,848,0,1.0617063137184761,1.0617063137184761
2024-06-28,Köln,362,0,0.9211195928753181,0.9211195928753181
2024-06-28,Leipzig,418,0,0.6700251889168766,0.6700251889168766
2024-06-28,München,158,0,1.0983118172790467,1.0983118172790467
2024-06-28,Stuttgart,240,0,1.2,1.2
2024-06-29,Berlin,1038,12,0.940947940947941,0.9518259518259519
2024-06-29,Dortmund,434,50,1.303862660944206,1.4540772532188841
2024-06-29,Düsseldorf,1068,0,3.1202003338898163,3.1202003338898163
2024-06-29,Frankfurt am Main,178,0,0.9757243539545811,0.9757243539545811
2024-06-29,Gelsenkirchen,178,0,0.7474505098980204,0.7474505098980204
2024-06-29,Hamburg,626,0,0.8349847560975611,0.8349847560975611
2024-06-29,Köln,310,0,0.788517441860465,0.788517441860465
2024-06-29,Leipzig,342,0,0.6885245901639344,0.6885245901639344
2024-06-29,München,232,2,1.5570469798657718,1.570469798657718
2024-06-29,Stuttgart,142,0,0.5955662073097664,0.5955662073097664
2024-06-30,Berlin,564,0,0.81519719182325,0.81519719182325
2024-06-30,Dortmund,136,0,0.662491301322199,0.662491301322199
2024-06-30,Düsseldorf,732,0,3.7510980966325036,3.7510980966325036
2024-06-30,Frankfurt am Main,152,0,1.129511677282378,1.129511677282378
2024-06-30,Gelsenkirchen,160,16,0.9722222222222221,1.0694444444444444
2024-06-30,Hamburg,526,0,0.9753642384105959,0.9753642384105959
2024-06-30,Köln,180,10,0.6098741529525653,0.6437560503388189
2024-06-30,Leipzig,218,0,0.6803388319215337,0.6803388319215337
2024-06-30,München,134,0,1.2727272727272727,1.2727272727272727
2024-06-30,Stuttgart,148,0,1.2557575757575756,1.2557575757575756
2024-07-01,Berlin,1322,0,1.154009228083302,1.154009228083302
2024-07-01,Dortmund,198,0,0.8379685610640871,0.8379685610640871
2024-07-01,Düsseldorf,296,36,1.3962264150943395,1.5660377358490567
2024-07-01,Frankfurt am Main,184,6,0.9824561403508772,1.0144927536231885
2024-07-01,Gelsenkirchen,258,0,0.9767441860465116,0.9767441860465116
2024-07-01,Hamburg,670,0,1.0710207810002284,1.0710207810002284
2024-07-01,Köln,398,0,1.4616998950682056,1.4616998950682056
2024-07-01,Leipzig,424,0,0.9275,0.9275
2024-07-01,München,108,0,0.8925619834710744,0.8925619834710744
2024-07-01,Stuttgart,174,0,1.0330788804071247,1.0330788804071247
2024-07-02,Berlin,1250,0,1.0140224823270367,1.0140224823270367
2024-07-02,Dortmund,272,0,1.0336590662323561,1.0336590662323561
2024-07-02,Düsseldorf,226,0,1.018018018018018,1.018018018018018
2024-07-02,Frankfurt am Main,198,0,0.9726315789473684,0.9726315789473684
2024-07-02,Gelsenkirchen,244,0,0.9182795698924731,0.9182795698924731
2024-07-02,Hamburg,690,0,1.024824952259707,1.024824952259707
2024-07-02,Köln,388,0,1.2685660906118637,1.2685660906118637
2024-07-02,Leipzig,454,68,0.9095592444190039,1.0457927876359472
2024-07-02,München,172,2,1.304442036836403,1.3196099674972914
2024-07-02,Stuttgart,170,0,0.8195592286501377,0.8195592286501377
2024-07-03,Berlin,1184,0,0.9891395154553049,0.9891395154553049
2024-07-03,Dortmund,270,0,1.064788732394366,1.064788732394366
2024-07-03,Düsseldorf,214,0,0.9920529801324502,0.9920529801324502
2024-07-03,Frankfurt am Main,212,0,1.189102564102564,1.189102564102564
2024-07-03,Gelsenkirchen,206,0,0.7686567164179104,0.7686567164179104
2024-07-03,Hamburg,764,0,1.0936605316973416,1.0936605316973416
2024-07-03,Köln,350,0,1.1223087494273936,1.1223087494273936
2024-07-03,Leipzig,456,0,0.8776464118779214,0.8776464118779214
2024-07-03,München,124,0,0.9194915254237288,0.9194915254237288
2024-07-03,Stuttgart,200,0,0.8083140877598153,0.8083140877598153
2024-07-04,Berlin,1578,0,1.2422402159244266,1.2422402159244266
2024-07-04,Dortmund,284,0,1.1491329479768786,1.1491329479768786
2024-07-04,Düsseldorf,214,0,0.9953488372093023,0.9953488372093023
2024-07-04,Frankfurt am Main,258,0,1.3020908435472243,1.3020908435472243
2024-07-04,Gelsenkirchen,292,0,1.0623700623700625,1.0623700623700625
2024-07-04,Hamburg,858,0,1.205298013245033,1.205298013245033
2024-07-04,Köln,340,0,1.0972798524665746,1.0972798524665746
2024-07-04,Leipzig,416,0,0.8209754722300535,0.8209754722300535
2024-07-04,München,108,0,0.8068303094983991,0.8068303094983991
2024-07-04,Stuttgart,202,0,1.1012461059190033,1.1012461059190033
2024-07-05,Berlin,1394,0,1.057204767063922,1.057204767063922
2024-07-05,Dortmund,340,0,1.1442307692307692,1.1442307692307692
2024-07-05,Düsseldorf,288,0,1.118136439267887,1.118136439267887
2024-07-05,Frankfurt am Main,260,0,1.221476510067114,1.221476510067114
2024-07-05,Gelsenkirchen,218,0,0.7703180212014135,0.7703180212014135
2024-07-05,Hamburg,862,2,1.0792344839921302,1.081738508316938
2024-07-05,Köln,458,0,1.1653944020356235,1.1653944020356235
2024-07-05,Leipzig,536,0,0.8591710556446073,0.8591710556446073
2024-07-05,München,124,0,0.8619662363455809,0.8619662363455809
2024-07-05,Stuttgart,234,12,1.17,1.23
2024-07-06,Berlin,954,12,0.8648018648018648,0.8756798756798757
2024-07-06,Dortmund,292,0,0.8772532188841202,0.8772532188841202
2024-07-06,Düsseldorf,204,2,0.5959933222036728,0.6018363939899833
2024-07-06,Frankfurt am Main,188,0,1.0305403288958497,1.0305403288958497
2024-07-06,Gelsenkirchen,206,0,0.8650269946010798,0.8650269946010798
2024-07-06,Hamburg,618,0,0.8243140243902439,0.8243140243902439
2024-07-06,Köln,406,0,1.032703488372093,1.032703488372093
2024-07-06,Leipzig,360,0,0.724762726488352,0.724762726488352
2024-07-06,München,108,0,0.7248322147651006,0.7248322147651006
2024-07-06,Stuttgart,154,0,0.6458957459556621,0.6458957459556621
2024-07-07,Berlin,616,0,0.8903572166012802,0.8903572166012802
2024-07-07,Dortmund,136,0,0.662491301322199,0.662491301322199
2024-07-07,Düsseldorf,126,0,0.6456808199121523,0.6456808199121523
2024-07-07,Frankfurt am Main,138,0,1.0254777070063694,1.0254777070063694
2024-07-07,Gelsenkirchen,132,0,0.8020833333333333,0.8020833333333333
2024-07-07,Hamburg,544,0,1.0087417218543044,1.0087417218543044
2024-07-07,Köln,228,0,0.7725072604065827,0.7725072604065827
2024-07-07,Leipzig,222,0,0.6928221132411948,0.6928221132411948
2024-07-07,München,50,0,0.4748982360922659,0.4748982360922659
2024-07-07,Stuttgart,86,0,0.7296969696969696,0.7296969696969696
2024-07-08,Berlin,1290,0,1.126075570520015,1.126075570520015
2024-07-08,Dortmund,242,0,1.0241837968561065,1.0241837968561065
2024-07-08,Düsseldorf,198,0,0.9339622641509434,0.9339622641509434
2024-07-08,Frankfurt am Main,196,0,1.0465293668954996,1.0465293668954996
2024-07-08,Gelsenkirchen,184,0,0.6965927528393726,0.6965927528393726
2024-07-08,Hamburg,700,0,1.118976935373373,1.118976935373373
2024-07-08,Köln,234,0,0.8593913955928647,0.8593913955928647
2024-07-08,Leipzig,370,0,0.809375,0.809375
2024-07-08,München,192,0,1.5867768595041323,1.5867768595041323
2024-07-08,Stuttgart,130,0,0.7718405428329093,0.7718405428329093
2024-07-09,Berlin,1482,0,1.2022250550469347,1.2022250550469347
2024-07-09,Dortmund,254,0,0.9652551574375677,0.9652551574375677
2024-07-09,Düsseldorf,220,0,0.990990990990991,0.990990990990991
2024-07-09,Frankfurt am Main,198,0,0.9726315789473684,0.9726315789473684
2024-07-09,Gelsenkirchen,184,0,0.6924731182795699,0.6924731182795699
2024-07-09,Hamburg,742,0,1.102058137067685,1.102058137067685
2024-07-09,Köln,186,0,0.608127043437646,0.608127043437646
2024-07-09,Leipzig,426,0,0.8534630795649685,0.8534630795649685
2024-07-09,München,134,2,1.0162513542795233,1.0314192849404116
2024-07-09,Stuttgart,196,0,0.9449035812672177,0.9449035812672177
2024-07-10,Berlin,1224,0,1.0225563909774436,1.0225563909774436
2024-07-10,Dortmund,272,10,1.0726760563380282,1.112112676056338
2024-07-10,Düsseldorf,182,0,0.8437086092715231,0.8437086092715231
2024-07-10,Frankfurt am Main,178,0,0.9983974358974359,0.9983974358974359
2024-07-10,Gelsenkirchen,232,0,0.8656716417910447,0.8656716417910447
2024-07-10,Hamburg,694,0,0.9934560327198364,0.9934560327198364
2024-07-10,Köln,264,0,0.8465414567109483,0.8465414567109483
2024-07-10,Leipzig,380,0,0.7313720098982678,0.7313720098982678
2024-07-10,München,178,0,1.319915254237288,1.319915254237288
2024-07-10,Stuttgart,150,0,0.6062355658198615,0.6062355658198615
2024-07-11,Berlin,1382,0,1.087944219523167,1.087944219523167
2024-07-11,Dortmund,300,0,1.2138728323699421,1.2138728323699421
2024-07-11,Düsseldorf,206,0,0.958139534883721,0.958139534883721
2024-07-11,Frankfurt am Main,330,60,1.665465032444124,1.9682768565248738
2024-07-11,Gelsenkirchen,218,0,0.7931392931392932,0.7931392931392932
2024-07-11,Hamburg,740,0,1.0395344170178606,1.0395344170178606
2024-07-11,Köln,286,0,0.9230059935454127,0.9230059935454127
2024-07-11,Leipzig,538,0,1.0617423174513674,1.0617423174513674
2024-07-11,München,134,0,1.0010672358591248,1.0010672358591248
2024-07-11,Stuttgart,290,0,1.5809968847352025,1.5809968847352025
2024-07-12,Berlin,1296,0,0.9828819068255688,0.9828819068255688
2024-07-12,Dortmund,338,0,1.1375,1.1375
2024-07-12,Düsseldorf,184,0,0.7143649473100389,0.7143649473100389
2024-07-12,Frankfurt am Main,328,70,1.5409395973154363,1.8697986577181207
2024-07-12,Gelsenkirchen,158,0,0.558303886925795,0.558303886925795
2024-07-12,Hamburg,1024,0,1.2820604543015561,1.2820604543015561
2024-07-12,Köln,378,74,0.9618320610687023,1.1501272264631044
2024-07-12,Leipzig,444,0,0.7117013968399358,0.7117013968399358
2024-07-12,München,120,0,0.8341608738828202,0.8341608738828202
2024-07-12,Stuttgart,170,0,0.85,0.85
2024-07-13,Berlin,1402,0,1.270914270914271,1.270914270914271
2024-07-13,Dortmund,496,0,1.490128755364807,1.490128755364807
2024-07-13,Düsseldorf,210,0,0.6135225375626043,0.6135225375626043
2024-07-13,Frankfurt am Main,310,62,1.6992952231793266,2.039154267815192
2024-07-13,Gelsenkirchen,190,0,0.7978404319136173,0.7978404319136173
2024-07-13,Hamburg,816,0,1.0884146341463414,1.0884146341463414
2024-07-13,Köln,322,78,0.8190406976744186,1.0174418604651163
2024-07-13,Leipzig,432,0,0.8697152717860224,0.8697152717860224
2024-07-13,München,166,0,1.1140939597315436,1.1140939597315436
2024-07-13,Stuttgart,204,0,0.8556021569802277,0.8556021569802277
2024-07-14,Berlin,850,2,1.2285773281024157,1.231468098286186
2024-07-14,Dortmund,96,0,0.4676409185803758,0.4676409185803758
2024-07-14,Düsseldorf,174,0,0.8916544655929722,0.8916544655929722
2024-07-14,Frankfurt am Main,122,0,0.9065817409766453,0.9065817409766453
2024-07-14,Gelsenkirchen,176,0,1.0694444444444444,1.0694444444444444
2024-07-14,Hamburg,590,8,1.0940397350993376,1.1088741721854303
2024-07-14,Köln,246,0,0.8334946757018392,0.8334946757018392
2024-07-14,Leipzig,276,0,0.8613464110566206,0.8613464110566206
2024-07-14,München,112,0,1.0637720488466758,1.0637720488466758
2024-07-14,Stuttgart,78,0,0.6618181818181817,0.6618181818181817
2024-07-15,Berlin,1190,0,1.0387828906347425,1.0387828906347425
2024-07-15,Dortmund,218,0,0.9226118500604595,0.9226118500604595
2024-07-15,Düsseldorf,216,0,1.0188679245283019,1.0188679245283019
2024-07-15,Frankfurt am Main,154,0,0.8222730739893211,0.8222730739893211
2024-07-15,Gelsenkirchen,186,0,0.7041644131963223,0.7041644131963223
2024-07-15,Hamburg,772,0,1.23407170586892,1.23407170586892
2024-07-15,Köln,172,0,0.6316894018887723,0.6316894018887723
2024-07-15,Leipzig,358,0,0.783125,0.783125
2024-07-15,München,110,0,0.9090909090909091,0.9090909090909091
2024-07-15,Stuttgart,450,0,2.67175572519084,2.67175572519084
2024-07-16,Berlin,1210,0,0.9815737628925715,0.9815737628925715
2024-07-16,Dortmund,234,0,0.8892508143322475,0.8892508143322475
2024-07-16,Düsseldorf,196,0,0.8828828828828829,0.8828828828828829
2024-07-16,Frankfurt am Main,202,0,0.9922807017543859,0.9922807017543859
2024-07-16,Gelsenkirchen,186,0,0.7,0.7
2024-07-16,Hamburg,714,0,1.060471037555697,1.060471037555697
2024-07-16,Köln,224,0,0.7323680523120037,0.7323680523120037
2024-07-16,Leipzig,342,0,0.685174585002862,0.685174585002862
2024-07-16,München,162,0,1.228602383531961,1.228602383531961
2024-07-16,Stuttgart,390,0,1.8801652892561984,1.8801652892561984
2024-07-17,Berlin,1248,0,1.0426065162907268,1.0426065162907268
2024-07-17,Dortmund,260,0,1.0253521126760563,1.0253521126760563
2024-07-17,Düsseldorf,218,0,1.0105960264900662,1.0105960264900662
2024-07-17,Frankfurt am Main,160,0,0.8974358974358975,0.8974358974358975
2024-07-17,Gelsenkirchen,232,2,0.8656716417910447,0.8731343283582089
2024-07-17,Hamburg,740,0,1.0593047034764826,1.0593047034764826
2024-07-17,Köln,230,0,0.7375171781951444,0.7375171781951444
2024-07-17,Leipzig,628,22,1.2086884795160848,1.2510310695628266
2024-07-17,München,120,0,0.8898305084745762,0.8898305084745762
2024-07-17,Stuttgart,862,0,3.483833718244804,3.483833718244804
2024-07-18,Berlin,1462,0,1.1509221772379667,1.1509221772379667
2024-07-18,Dortmund,194,0,0.784971098265896,0.784971098265896
2024-07-18,Düsseldorf,236,0,1.0976744186046512,1.0976744186046512
2024-07-18,Frankfurt am Main,224,50,1.1304974765681326,1.3828406633020909
2024-07-18,Gelsenkirchen,320,4,1.1642411642411643,1.178794178794179
2024-07-18,Hamburg,694,0,0.9749147100140477,0.9749147100140477
2024-07-18,Köln,204,0,0.6583679114799448,0.6583679114799448
2024-07-18,Leipzig,350,0,0.6907245559627855,0.6907245559627855
2024-07-18,München,168,0,1.255069370330843,1.255069370330843
2024-07-18,Stuttgart,162,0,0.883177570093458,0.883177570093458
2024-07-19,Berlin,1292,0,0.979848320693391,0.979848320693391
2024-07-19,Dortmund,346,0,1.1644230769230768,1.1644230769230768
2024-07-19,Düsseldorf,354,0,1.3743760399334444,1.3743760399334444
2024-07-19,Frankfurt am Main,172,0,0.8080536912751678,0.8080536912751678
2024-07-19,Gelsenkirchen,214,8,0.7561837455830389,0.784452296819788
2024-07-19,Hamburg,646,0,0.8087998569128958,0.8087998569128958
2024-07-19,Köln,326,0,0.8295165394402035,0.8295165394402035
2024-07-19,Leipzig,656,158,1.0515227845202655,1.3047858942065491
2024-07-19,München,162,0,1.1261171797418073,1.1261171797418073
2024-07-19,Stuttgart,260,14,1.3,1.37
2024-07-20,Berlin,1002,0,0.9083139083139083,0.9083139083139083
2024-07-20,Dortmund,250,0,0.7510729613733906,0.7510729613733906
2024-07-20,Düsseldorf,260,26,0.7595993322203674,0.835559265442404
2024-07-20,Frankfurt am Main,146,24,0.8003132341425215,0.9318715740015663
2024-07-20,Gelsenkirchen,206,0,0.8650269946010798,0.8650269946010798
2024-07-20,Hamburg,682,0,0.9096798780487806,0.9096798780487806
2024-07-20,Köln,456,4,1.1598837209302324,1.1700581395348837
2024-07-20,Leipzig,490,64,0.9864825999424791,1.1153293068737418
2024-07-20,München,110,0,0.738255033557047,0.738255033557047
2024-07-20,Stuttgart,312,0,1.3085680047932895,1.3085680047932895
2024-07-21,Berlin,690,0,0.9973157134007846,0.9973157134007846
2024-07-21,Dortmund,168,0,0.8183716075156576,0.8183716075156576
2024-07-21,Düsseldorf,172,6,0.8814055636896047,0.9121522693997072
2024-07-21,Frankfurt am Main,118,0,0.8768577494692144,0.8768577494692144
2024-07-21,Gelsenkirchen,238,0,1.4461805555555554,1.4461805555555554
2024-07-21,Hamburg,416,0,0.7713907284768211,0.7713907284768211
2024-07-21,Köln,608,0,2.0600193610842203,2.0600193610842203
2024-07-21,Leipzig,230,0,0.7177886758805171,0.7177886758805171
2024-07-21,München,90,0,0.8548168249660787,0.8548168249660787
2024-07-21,Stuttgart,130,0,1.103030303030303,1.103030303030303
2024-07-22,Berlin,924,0,0.8065843621399176,0.8065843621399176
2024-07-22,Dortmund,208,0,0.8802902055622733,0.8802902055622733
2024-07-22,Düsseldorf,224,0,1.0566037735849056,1.0566037735849056
2024-07-22,Frankfurt am Main,182,0,0.9717772692601069,0.9717772692601069
2024-07-22,Gelsenkirchen,206,0,0.7798810167658193,0.7798810167658193
2024-07-22,Hamburg,630,0,1.0070792418360357,1.0070792418360357
2024-07-22,Köln,220,0,0.80797481636936,0.80797481636936
2024-07-22,Leipzig,404,0,0.8837499999999999,0.8837499999999999
2024-07-22,München,138,0,1.140495867768595,1.140495867768595
2024-07-22,Stuttgart,182,0,1.080576759966073,1.080576759966073
2024-07-23,Berlin,1046,0,0.8485340132112643,0.8485340132112643
2024-07-23,Dortmund,194,0,0.7372421281216068,0.7372421281216068
2024-07-23,Düsseldorf,204,8,0.918918918918919,0.954954954954955
2024-07-23,Frankfurt am Main,138,0,0.6778947368421052,0.6778947368421052
2024-07-23,Gelsenkirchen,202,0,0.7602150537634408,0.7602150537634408
2024-07-23,Hamburg,658,10,0.9772968385317207,0.9921493740717164
2024-07-23,Köln,228,0,0.7454460532461468,0.7454460532461468
2024-07-23,Leipzig,420,0,0.8414424728105323,0.8414424728105323
2024-07-23,München,132,0,1.0010834236186348,1.0010834236186348
2024-07-23,Stuttgart,190,0,0.915977961432507,0.915977961432507
2024-07-24,Berlin,1060,0,0.885547201336675,0.885547201336675
2024-07-24,Dortmund,188,0,0.7414084507042253,0.7414084507042253
2024-07-24,Düsseldorf,214,0,0.9920529801324502,0.9920529801324502
2024-07-24,Frankfurt am Main,168,0,0.9423076923076924,0.9423076923076924
2024-07-24,Gelsenkirchen,180,0,0.6716417910447762,0.6716417910447762
2024-07-24,Hamburg,680,16,0.9734151329243353,0.996319018404908
2024-07-24,Köln,196,0,0.6284928996793404,0.6284928996793404
2024-07-24,Leipzig,420,0,0.8083585372559803,0.8083585372559803
2024-07-24,München,108,0,0.8008474576271186,0.8008474576271186
2024-07-24,Stuttgart,200,0,0.8083140877598153,0.8083140877598153
2024-07-25,Berlin,1162,0,0.9147548358074674,0.9147548358074674
2024-07-25,Dortmund,224,0,0.9063583815028902,0.9063583815028902
2024-07-25,Düsseldorf,222,0,1.0325581395348837,1.0325581395348837
2024-07-25,Frankfurt am Main,168,0,0.8478731074260996,0.8478731074260996
2024-07-25,Gelsenkirchen,286,0,1.0405405405405406,1.0405405405405406
2024-07-25,Hamburg,660,0,0.9271523178807947,0.9271523178807947
2024-07-25,Köln,288,0,0.9294605809128631,0.9294605809128631
2024-07-25,Leipzig,428,0,0.8446574570059204,0.8446574570059204
2024-07-25,München,130,0,0.9711846318036286,0.9711846318036286
2024-07-25,Stuttgart,220,0,1.1993769470404985,1.1993769470404985
2024-07-26,Berlin,1034,0,0.7841820151679306,0.7841820151679306
2024-07-26,Dortmund,236,0,0.7942307692307692,0.7942307692307692
2024-07-26,Düsseldorf,156,0,0.6056572379367721,0.6056572379367721
2024-07-26,Frankfurt am Main,192,4,0.9020134228187919,0.9208053691275168
2024-07-26,Gelsenkirchen,282,90,0.9964664310954063,1.314487632508834
2024-07-26,Hamburg,744,0,0.9314970488284744,0.9314970488284744
2024-07-26,Köln,256,0,0.6513994910941476,0.6513994910941476
2024-07-26,Leipzig,408,0,0.6539958781772384,0.6539958781772384
2024-07-26,München,136,0,0.9453823237338629,0.9453823237338629
2024-07-26,Stuttgart,160,0,0.8,0.8
2024-07-27,Berlin,876,10,0.7940947940947941,0.8031598031598032
2024-07-27,Dortmund,250,0,0.7510729613733906,0.7510729613733906
2024-07-27,Düsseldorf,136,0,0.3973288814691152,0.3973288814691152
2024-07-27,Frankfurt am Main,174,2,0.9537979639780737,0.9647611589663274
2024-07-27,Gelsenkirchen,338,90,1.4193161367726455,1.7972405518896222
2024-07-27,Hamburg,756,0,1.0083841463414636,1.0083841463414636
2024-07-27,Köln,324,0,0.8241279069767441,0.8241279069767441
2024-07-27,Leipzig,430,0,0.8656888121944205,0.8656888121944205
2024-07-27,München,124,6,0.8322147651006712,0.87248322147651
2024-07-27,Stuttgart,226,0,0.9478729778310366,0.9478729778310366
2024-07-28,Berlin,508,0,0.7342556266776791,0.7342556266776791
2024-07-28,Dortmund,144,0,0.7014613778705637,0.7014613778705637
2024-07-28,Düsseldorf,126,0,0.6456808199121523,0.6456808199121523
2024-07-28,Frankfurt am Main,106,0,0.7876857749469214,0.7876857749469214
2024-07-28,Gelsenkirchen,158,0,0.9600694444444444,0.9600694444444444
2024-07-28,Hamburg,556,0,1.0309933774834437,1.0309933774834437
2024-07-28,Köln,308,0,1.0435624394966116,1.0435624394966116
2024-07-28,Leipzig,268,0,0.8363798484172982,0.8363798484172982
2024-07-28,München,96,6,0.9118046132971506,0.9687924016282224
2024-07-28,Stuttgart,142,0,1.2048484848484848,1.2048484848484848
2024-07-29,Berlin,964,0,0.8415014340940267,0.8415014340940267
2024-07-29,Dortmund,226,0,0.9564691656590085,0.9564691656590085
2024-07-29,Düsseldorf,144,0,0.6792452830188679,0.6792452830188679
2024-07-29,Frankfurt am Main,134,0,0.7154843630816171,0.7154843630816171
2024-07-29,Gelsenkirchen,370,136,1.4007571660356948,1.9156300703082745
2024-07-29,Hamburg,594,0,0.9495318565882622,0.9495318565882622
2024-07-29,Köln,182,0,0.6684155299055614,0.6684155299055614
2024-07-29,Leipzig,430,0,0.9406249999999999,0.9406249999999999
2024-07-29,München,86,0,0.7107438016528925,0.7107438016528925
2024-07-29,Stuttgart,148,0,0.8787107718405429,0.8787107718405429
2024-07-30,Berlin,918,0,0.7446981110209757,0.7446981110209757
2024-07-30,Dortmund,190,0,0.7220412595005429,0.7220412595005429
2024-07-30,Düsseldorf,132,0,0.5945945945945946,0.5945945945945946
2024-07-30,Frankfurt am Main,178,0,0.8743859649122806,0.8743859649122806
2024-07-30,Gelsenkirchen,286,78,1.0763440860215054,1.3698924731182796
2024-07-30,Hamburg,638,0,0.9475917674517292,0.9475917674517292
2024-07-30,Köln,184,0,0.6015880429705746,0.6015880429705746
2024-07-30,Leipzig,422,0,0.8454493417286777,0.8454493417286777
2024-07-30,München,94,0,0.7128927410617552,0.7128927410617552
2024-07-30,Stuttgart,152,0,0.7327823691460056,0.7327823691460056
2024-07-31,Berlin,896,0,0.7485380116959064,0.7485380116959064
2024-07-31,Dortmund,240,0,0.9464788732394366,0.9464788732394366
2024-07-31,Düsseldorf,148,0,0.686092715231788,0.686092715231788
2024-07-31,Frankfurt am Main,166,0,0.9310897435897436,0.9310897435897436
2024-07-31,Gelsenkirchen,316,174,1.1791044776119404,1.828358208955224
2024-07-31,Hamburg,660,0,0.9447852760736196,0.9447852760736196
2024-07-31,Köln,256,0,0.820888685295465,0.820888685295465
2024-07-31,Leipzig,412,0,0.7929612317844378,0.7929612317844378
2024-07-31,München,134,0,0.9936440677966102,0.9936440677966102
2024-07-31,Stuttgart,170,0,0.687066974595843,0.687066974595843
2024-08-01,Berlin,876,0,0.6896086369770581,0.6896086369770581
2024-08-01,Dortmund,204,0,0.8254335260115607,0.8254335260115607
2024-08-01,Düsseldorf,204,0,0.9488372093023256,0.9488372093023256
2024-08-01,Frankfurt am Main,176,0,0.8882480173035329,0.8882480173035329
2024-08-01,Gelsenkirchen,224,0,0.814968814968815,0.814968814968815
2024-08-01,Hamburg,710,0,0.9973911298414609,0.9973911298414609
2024-08-01,Köln,272,0,0.8778238819732597,0.8778238819732597
2024-08-01,Leipzig,464,0,0.9157034113335213,0.9157034113335213
2024-08-01,München,100,0,0.7470651013874066,0.7470651013874066
2024-08-01,Stuttgart,136,0,0.7414330218068537,0.7414330218068537
2024-08-02,Berlin,1468,0,1.113326110509209,1.113326110509209
2024-08-02,Dortmund,248,0,0.8346153846153845,0.8346153846153845
2024-08-02,Düsseldorf,170,0,0.6600110926234055,0.6600110926234055
2024-08-02,Frankfurt am Main,164,0,0.7704697986577181,0.7704697986577181
2024-08-02,Gelsenkirchen,184,0,0.6501766784452296,0.6501766784452296
2024-08-02,Hamburg,578,0,0.7236630298694331,0.7236630298694331
2024-08-02,Köln,358,18,0.910941475826972,0.9567430025445293
2024-08-02,Leipzig,892,0,1.429814517975727,1.429814517975727
2024-08-02,München,164,0,1.1400198609731877,1.1400198609731877
2024-08-02,Stuttgart,138,0,0.69,0.69
2024-08-03,Berlin,1186,12,1.075110075110075,1.085988085988086
2024-08-03,Dortmund,282,0,0.8472103004291847,0.8472103004291847
2024-08-03,Düsseldorf,172,0,0.5025041736227045,0.5025041736227045
2024-08-03,Frankfurt am Main,154,0,0.8441660140955365,0.8441660140955365
2024-08-03,Gelsenkirchen,370,34,1.5536892621475704,1.6964607078584284
2024-08-03,Hamburg,916,0,1.221798780487805,1.221798780487805
2024-08-03,Köln,268,0,0.6816860465116279,0.6816860465116279
2024-08-03,Leipzig,644,0,1.2965199884958296,1.2965199884958296
2024-08-03,München,196,0,1.3154362416107384,1.3154362416107384
2024-08-03,Stuttgart,446,0,1.8705811863391253,1.8705811863391253
2024-08-04,Berlin,830,0,1.199669626264712,1.199669626264712
2024-08-04,Dortmund,124,0,0.6040361864996521,0.6040361864996521
2024-08-04,Düsseldorf,116,0,0.5944363103953147,0.5944363103953147
2024-08-04,Frankfurt am Main,134,0,0.9957537154989383,0.9957537154989383
2024-08-04,Gelsenkirchen,112,0,0.6805555555555555,0.6805555555555555
2024-08-04,Hamburg,644,0,1.1941721854304634,1.1941721854304634
2024-08-04,Köln,200,0,0.6776379477250726,0.6776379477250726
2024-08-04,Leipzig,322,0,1.004904146232724,1.004904146232724
2024-08-04,München,58,0,0.5508819538670284,0.5508819538670284
2024-08-04,Stuttgart,80,0,0.6787878787878787,0.6787878787878787
