day,city,with_stadiums,contactlevel_to_baseline_ratio
2024-04-29,Berlin,False,1.1464263964146848
2024-04-29,Berlin,True,1.1464263964146848
2024-04-29,Dortmund,False,1.5252116304747885
2024-04-29,Dortmund,True,1.5252116304747885
2024-04-29,Düsseldorf,False,0.6876911314984708
2024-04-29,Düsseldorf,True,0.6876911314984708
2024-04-29,Frankfurt am Main,False,0.9828557126767613
2024-04-29,Frankfurt am Main,True,0.9828557126767613
2024-04-29,Gelsenkirchen,False,1.39135548368127
2024-04-29,Gelsenkirchen,True,1.39135548368127
2024-04-29,Hamburg,False,1.153846153846154
2024-04-29,Hamburg,True,1.153846153846154
2024-04-29,Köln,False,1.1529269137512992
2024-04-29,Köln,True,1.1529269137512992
2024-04-29,Leipzig,False,1.3258264761079832
2024-04-29,Leipzig,True,1.3258264761079832
2024-04-29,München,False,1.103086014445174
2024-04-29,München,True,1.103086014445174
2024-04-29,Stuttgart,False,0.9531013615733736
2024-04-29,Stuttgart,True,0.9531013615733736
2024-04-30,Berlin,False,1.1971034233533018
2024-04-30,Berlin,True,1.1971034233533018
2024-04-30,Dortmund,False,1.7557479844729773
2024-04-30,Dortmund,True,1.7557479844729773
2024-04-30,Düsseldorf,False,0.8765432098765432
2024-04-30,Düsseldorf,True,0.8765432098765432
2024-04-30,Frankfurt am Main,False,1.3005199306759099
2024-04-30,Frankfurt am Main,True,1.3005199306759099
2024-04-30,Gelsenkirchen,False,1.5951371218546793
2024-04-30,Gelsenkirchen,True,1.5951371218546793
2024-04-30,Hamburg,False,1.193694126694223
2024-04-30,Hamburg,True,1.193694126694223
2024-04-30,Köln,False,1.1114573935864842
2024-04-30,Köln,True,1.1114573935864842
2024-04-30,Leipzig,False,1.2326685660018994
2024-04-30,Leipzig,True,1.2326685660018994
2024-04-30,München,False,1.2221948212083849
2024-04-30,München,True,1.2221948212083849
2024-04-30,Stuttgart,False,1.5454839753965686
2024-04-30,Stuttgart,True,1.5454839753965686
2024-05-01,Berlin,False,0.4127557160048134
2024-05-01,Berlin,True,0.4127557160048134
2024-05-01,Dortmund,False,1.3451957295373664
2024-05-01,Dortmund,True,1.569967948234624
2024-05-01,Düsseldorf,False,0.41584158415841577
2024-05-01,Düsseldorf,True,0.41584158415841577
2024-05-01,Frankfurt am Main,False,0.5010845986984815
2024-05-01,Frankfurt am Main,True,0.5010845986984815
2024-05-01,Gelsenkirchen,False,0.7790633608815426
2024-05-01,Gelsenkirchen,True,0.7790633608815426
2024-05-01,Hamburg,False,0.48974506421314945
2024-05-01,Hamburg,True,0.48974506421314945
2024-05-01,Köln,False,0.38353162179085787
2024-05-01,Köln,True,0.38353162179085787
2024-05-01,Leipzig,False,0.6667561041051784
2024-05-01,Leipzig,True,0.6667561041051784
2024-05-01,München,False,0.21658514389716754
2024-05-01,München,True,0.21658514389716754
2024-05-01,Stuttgart,False,0.5186618744816147
2024-05-01,Stuttgart,True,0.5186618744816147
2024-05-02,Berlin,False,0.9658258530218683
2024-05-02,Berlin,True,0.9658258530218683
2024-05-02,Dortmund,False,1.106764466177669
2024-05-02,Dortmund,True,1.106764466177669
2024-05-02,Düsseldorf,False,0.8833890746934224
2024-05-02,Düsseldorf,True,0.8833890746934224
2024-05-02,Frankfurt am Main,False,0.7114651110612518
2024-05-02,Frankfurt am Main,True,0.7114651110612518
2024-05-02,Gelsenkirchen,False,1.3696092619392184
2024-05-02,Gelsenkirchen,True,1.3696092619392184
2024-05-02,Hamburg,False,1.030201028517999
2024-05-02,Hamburg,True,1.030201028517999
2024-05-02,Köln,False,1.1781867145421905
2024-05-02,Köln,True,1.1781867145421905
2024-05-02,Leipzig,False,1.106801346801347
2024-05-02,Leipzig,True,1.106801346801347
2024-05-02,München,False,0.7255652173913043
2024-05-02,München,True,0.7255652173913043
2024-05-02,Stuttgart,False,1.0385022960084775
2024-05-02,Stuttgart,True,1.0385022960084775
2024-05-03,Berlin,False,1.0737644550681567
2024-05-03,Berlin,True,1.0737644550681567
2024-05-03,Dortmund,False,1.2465665038252371
2024-05-03,Dortmund,True,1.2465665038252371
2024-05-03,Düsseldorf,False,1.1599087238897663
2024-05-03,Düsseldorf,True,1.1599087238897663
2024-05-03,Frankfurt am Main,False,0.7832268699773337
2024-05-03,Frankfurt am Main,True,0.7832268699773337
2024-05-03,Gelsenkirchen,False,1.1725983409151726
2024-05-03,Gelsenkirchen,True,1.1725983409151726
2024-05-03,Hamburg,False,0.9619050328601098
2024-05-03,Hamburg,True,0.9988719956916107
2024-05-03,Köln,False,0.7912294072814681
2024-05-03,Köln,True,0.7912294072814681
2024-05-03,Leipzig,False,1.0138564178593832
2024-05-03,Leipzig,True,1.0138564178593832
2024-05-03,München,False,0.8049801924165253
2024-05-03,München,True,0.8049801924165253
2024-05-03,Stuttgart,False,0.8797297297297296
2024-05-03,Stuttgart,True,0.8797297297297296
2024-05-04,Berlin,False,1.3055306129236088
2024-05-04,Berlin,True,1.3055306129236088
2024-05-04,Dortmund,False,1.678686245546963
2024-05-04,Dortmund,True,1.8697353487018658
2024-05-04,Düsseldorf,False,0.3141361256544503
2024-05-04,Düsseldorf,True,0.3141361256544503
2024-05-04,Frankfurt am Main,False,0.9329799318439986
2024-05-04,Frankfurt am Main,True,0.9329799318439986
2024-05-04,Gelsenkirchen,False,1.1398931153725245
2024-05-04,Gelsenkirchen,True,1.1398931153725245
2024-05-04,Hamburg,False,0.9596066711655259
2024-05-04,Hamburg,True,0.9596066711655259
2024-05-04,Köln,False,1.6584514136055333
2024-05-04,Köln,True,1.7089238561609246
2024-05-04,Leipzig,False,1.4457164809834808
2024-05-04,Leipzig,True,1.4457164809834808
2024-05-04,München,False,0.657039711191336
2024-05-04,München,True,0.657039711191336
2024-05-04,Stuttgart,False,1.9444444444444446
2024-05-04,Stuttgart,True,2.091946654675034
2024-05-05,Berlin,False,1.0824955092629829
2024-05-05,Berlin,True,1.0824955092629829
2024-05-05,Dortmund,False,1.7285950413223141
2024-05-05,Dortmund,True,1.7285950413223141
2024-05-05,Düsseldorf,False,0.45384805741153167
2024-05-05,Düsseldorf,True,0.45384805741153167
2024-05-05,Frankfurt am Main,False,1.0892448512585813
2024-05-05,Frankfurt am Main,True,1.1782076321919341
2024-05-05,Gelsenkirchen,False,1.1808943089430894
2024-05-05,Gelsenkirchen,True,1.1808943089430894
2024-05-05,Hamburg,False,0.5308592174263815
2024-05-05,Hamburg,True,0.5308592174263815
2024-05-05,Köln,False,0.7063354515694205
2024-05-05,Köln,True,0.7063354515694205
2024-05-05,Leipzig,False,1.1980870878429397
2024-05-05,Leipzig,True,1.1980870878429397
2024-05-05,München,False,0.7015945330296126
2024-05-05,München,True,0.7015945330296126
2024-05-05,Stuttgart,False,0.9617354624887013
2024-05-05,Stuttgart,True,0.9617354624887013
2024-05-06,Berlin,False,1.1219413170099473
2024-05-06,Berlin,True,1.1219413170099473
2024-05-06,Dortmund,False,1.7880014722119988
2024-05-06,Dortmund,True,1.7880014722119988
2024-05-06,Düsseldorf,False,1.4770642201834863
2024-05-06,Düsseldorf,True,1.4770642201834863
2024-05-06,Frankfurt am Main,False,1.0038793642848203
2024-05-06,Frankfurt am Main,True,1.0038793642848203
2024-05-06,Gelsenkirchen,False,1.2061158482799177
2024-05-06,Gelsenkirchen,True,1.2061158482799177
2024-05-06,Hamburg,False,1.0362567368936795
2024-05-06,Hamburg,True,1.0362567368936795
2024-05-06,Köln,False,1.3784205057152752
2024-05-06,Köln,True,1.3784205057152752
2024-05-06,Leipzig,False,1.1782878591020647
2024-05-06,Leipzig,True,1.1782878591020647
2024-05-06,München,False,0.9835850295469468
2024-05-06,München,True,0.9835850295469468
2024-05-06,Stuttgart,False,0.8842662632375191
2024-05-06,Stuttgart,True,0.8842662632375191
2024-05-07,Berlin,False,1.0476600831167386
2024-05-07,Berlin,True,1.0476600831167386
2024-05-07,Dortmund,False,1.4923857868020305
2024-05-07,Dortmund,True,1.4923857868020305
2024-05-07,Düsseldorf,False,1.580246913580247
2024-05-07,Düsseldorf,True,1.580246913580247
2024-05-07,Frankfurt am Main,False,1.0190641247833625
2024-05-07,Frankfurt am Main,True,1.0190641247833625
2024-05-07,Gelsenkirchen,False,1.171614362454057
2024-05-07,Gelsenkirchen,True,1.171614362454057
2024-05-07,Hamburg,False,0.8787849658752284
2024-05-07,Hamburg,True,0.8787849658752284
2024-05-07,Köln,False,0.7692938571311407
2024-05-07,Köln,True,0.7692938571311407
2024-05-07,Leipzig,False,1.0940170940170943
2024-05-07,Leipzig,True,1.0940170940170943
2024-05-07,München,False,1.0288532675709001
2024-05-07,München,True,1.0288532675709001
2024-05-07,Stuttgart,False,0.9925542246681777
2024-05-07,Stuttgart,True,0.9925542246681777
2024-05-08,Berlin,False,1.318090653830726
2024-05-08,Berlin,True,1.318090653830726
2024-05-08,Dortmund,False,1.7387900355871886
2024-05-08,Dortmund,True,1.7387900355871886
2024-05-08,Düsseldorf,False,0.9108910891089107
2024-05-08,Düsseldorf,True,0.9108910891089107
2024-05-08,Frankfurt am Main,False,1.245119305856833
2024-05-08,Frankfurt am Main,True,1.245119305856833
2024-05-08,Gelsenkirchen,False,1.3614325068870525
2024-05-08,Gelsenkirchen,True,1.3614325068870525
2024-05-08,Hamburg,False,1.4330074755606677
2024-05-08,Hamburg,True,1.4330074755606677
2024-05-08,Köln,False,1.890262993112085
2024-05-08,Köln,True,1.890262993112085
2024-05-08,Leipzig,False,1.607727394687416
2024-05-08,Leipzig,True,1.607727394687416
2024-05-08,München,False,1.4571721078375608
2024-05-08,München,True,1.4571721078375608
2024-05-08,Stuttgart,False,1.1998894111141831
2024-05-08,Stuttgart,True,1.1998894111141831
2024-05-09,Berlin,False,0.3440055403137736
2024-05-09,Berlin,True,0.3440055403137736
2024-05-09,Dortmund,False,0.3480032599837001
2024-05-09,Dortmund,True,0.3480032599837001
2024-05-09,Düsseldorf,False,0.3464882943143813
2024-05-09,Düsseldorf,True,0.3464882943143813
2024-05-09,Frankfurt am Main,False,0.5606910477899933
2024-05-09,Frankfurt am Main,True,0.5606910477899933
2024-05-09,Gelsenkirchen,False,0.6078147612156295
2024-05-09,Gelsenkirchen,True,0.6078147612156295
2024-05-09,Hamburg,False,0.7238896680691911
2024-05-09,Hamburg,True,0.7238896680691911
2024-05-09,Köln,False,0.829443447037702
2024-05-09,Köln,True,0.8977884123081665
2024-05-09,Leipzig,False,0.47703703703703715
2024-05-09,Leipzig,True,0.47703703703703715
2024-05-09,München,False,0.5583768115942028
2024-05-09,München,True,0.5583768115942028
2024-05-09,Stuttgart,False,0.8505828329212293
2024-05-09,Stuttgart,True,0.8505828329212293
2024-05-10,Berlin,False,0.7604625621810195
2024-05-10,Berlin,True,0.7604625621810195
2024-05-10,Dortmund,False,1.4362614065812518
2024-05-10,Dortmund,True,1.4362614065812518
2024-05-10,Düsseldorf,False,0.5652097595225556
2024-05-10,Düsseldorf,True,0.5652097595225556
2024-05-10,Frankfurt am Main,False,0.7875540902534512
2024-05-10,Frankfurt am Main,True,0.7875540902534512
2024-05-10,Gelsenkirchen,False,1.0227455177950227
2024-05-10,Gelsenkirchen,True,1.0227455177950227
2024-05-10,Hamburg,False,0.7456257646021224
2024-05-10,Hamburg,True,0.7456257646021224
2024-05-10,Köln,False,0.9603095503312422
2024-05-10,Köln,True,0.9603095503312422
2024-05-10,Leipzig,False,0.9931003022181674
2024-05-10,Leipzig,True,0.9931003022181674
2024-05-10,München,False,0.9571024335031125
2024-05-10,München,True,0.9571024335031125
2024-05-10,Stuttgart,False,1.3621621621621622
2024-05-10,Stuttgart,True,1.3621621621621622
2024-05-11,Berlin,False,0.8874255878146929
2024-05-11,Berlin,True,0.9182013726168097
2024-05-11,Dortmund,False,0.5741593535493961
2024-05-11,Dortmund,True,0.5741593535493961
2024-05-11,Düsseldorf,False,0.4764397905759163
2024-05-11,Düsseldorf,True,0.4764397905759163
2024-05-11,Frankfurt am Main,False,0.7898523286633853
2024-05-11,Frankfurt am Main,True,0.7898523286633853
2024-05-11,Gelsenkirchen,False,1.3423451744734363
2024-05-11,Gelsenkirchen,True,1.666991855395426
2024-05-11,Hamburg,False,1.410392364793213
2024-05-11,Hamburg,True,1.410392364793213
2024-05-11,Köln,False,1.3228124370425092
2024-05-11,Köln,True,1.3626167022528073
2024-05-11,Leipzig,False,1.3833269304648481
2024-05-11,Leipzig,True,1.49736571213864
2024-05-11,München,False,1.091696750902527
2024-05-11,München,True,1.091696750902527
2024-05-11,Stuttgart,False,1.2252090800477897
2024-05-11,Stuttgart,True,1.2252090800477897
2024-05-12,Berlin,False,1.20861149092469
2024-05-12,Berlin,True,1.20861149092469
2024-05-12,Dortmund,False,0.35404958677685955
2024-05-12,Dortmund,True,0.35404958677685955
2024-05-12,Düsseldorf,False,1.2333580796832466
2024-05-12,Düsseldorf,True,1.2333580796832466
2024-05-12,Frankfurt am Main,False,0.969107551487414
2024-05-12,Frankfurt am Main,True,0.969107551487414
2024-05-12,Gelsenkirchen,False,1.0457317073170733
2024-05-12,Gelsenkirchen,True,1.0457317073170733
2024-05-12,Hamburg,False,1.6396396396396398
2024-05-12,Hamburg,True,1.6694834244719574
2024-05-12,Köln,False,0.8896591565569034
2024-05-12,Köln,True,0.8896591565569034
2024-05-12,Leipzig,False,1.2121822300528569
2024-05-12,Leipzig,True,1.2121822300528569
2024-05-12,München,False,1.6514806378132119
2024-05-12,München,True,1.7657811913072219
2024-05-12,Stuttgart,False,1.4004218137993372
2024-05-12,Stuttgart,True,1.4004218137993372
2024-05-13,Berlin,False,1.1271881197395337
2024-05-13,Berlin,True,1.1271881197395337
2024-05-13,Dortmund,False,1.2727272727272727
2024-05-13,Dortmund,True,1.2727272727272727
2024-05-13,Düsseldorf,False,0.6181192660550459
2024-05-13,Düsseldorf,True,0.6181192660550459
2024-05-13,Frankfurt am Main,False,0.6972844450006258
2024-05-13,Frankfurt am Main,True,0.6972844450006258
2024-05-13,Gelsenkirchen,False,1.1279035577771244
2024-05-13,Gelsenkirchen,True,1.1279035577771244
2024-05-13,Hamburg,False,1.0847623713865753
2024-05-13,Hamburg,True,1.0847623713865753
2024-05-13,Köln,False,1.4948042951160374
2024-05-13,Köln,True,1.4948042951160374
2024-05-13,Leipzig,False,1.1318030893604734
2024-05-13,Leipzig,True,1.1318030893604734
2024-05-13,München,False,0.9100459619172685
2024-05-13,München,True,0.9100459619172685
2024-05-13,Stuttgart,False,1.0907715582450832
2024-05-13,Stuttgart,True,1.0907715582450832
2024-05-14,Berlin,False,1.0741240079502965
2024-05-14,Berlin,True,1.0741240079502965
2024-05-14,Dortmund,False,1.2415646461630336
2024-05-14,Dortmund,True,1.2415646461630336
2024-05-14,Düsseldorf,False,0.7129629629629629
2024-05-14,Düsseldorf,True,0.7129629629629629
2024-05-14,Frankfurt am Main,False,0.5855574812247256
2024-05-14,Frankfurt am Main,True,0.5855574812247256
2024-05-14,Gelsenkirchen,False,1.1518235793044955
2024-05-14,Gelsenkirchen,True,1.1518235793044955
2024-05-14,Hamburg,False,0.9406901855234067
2024-05-14,Hamburg,True,0.9406901855234067
2024-05-14,Köln,False,1.3985073402772081
2024-05-14,Köln,True,1.3985073402772081
2024-05-14,Leipzig,False,0.9800569800569803
2024-05-14,Leipzig,True,0.9800569800569803
2024-05-14,München,False,1.1186189889025893
2024-05-14,München,True,1.1186189889025893
2024-05-14,Stuttgart,False,0.9834898025250894
2024-05-14,Stuttgart,True,0.9834898025250894
2024-05-15,Berlin,False,1.1335740072202165
2024-05-15,Berlin,True,1.1335740072202165
2024-05-15,Dortmund,False,0.9665480427046262
2024-05-15,Dortmund,True,0.9665480427046262
2024-05-15,Düsseldorf,False,1.6237623762376239
2024-05-15,Düsseldorf,True,1.6237623762376239
2024-05-15,Frankfurt am Main,False,0.8402024584237167
2024-05-15,Frankfurt am Main,True,0.8402024584237167
2024-05-15,Gelsenkirchen,False,1.4038567493112948
2024-05-15,Gelsenkirchen,True,1.4038567493112948
2024-05-15,Hamburg,False,1.049262027985432
2024-05-15,Hamburg,True,1.049262027985432
2024-05-15,Köln,False,0.7714464621164683
2024-05-15,Köln,True,0.7714464621164683
2024-05-15,Leipzig,False,1.4105178427689833
2024-05-15,Leipzig,True,1.4105178427689833
2024-05-15,München,False,1.473097486065294
2024-05-15,München,True,1.473097486065294
2024-05-15,Stuttgart,False,1.002488249930882
2024-05-15,Stuttgart,True,1.002488249930882
2024-05-16,Berlin,False,1.2544548917241565
2024-05-16,Berlin,True,1.2544548917241565
2024-05-16,Dortmund,False,1.019288236892149
2024-05-16,Dortmund,True,1.019288236892149
2024-05-16,Düsseldorf,False,1.498327759197324
2024-05-16,Düsseldorf,True,1.498327759197324
2024-05-16,Frankfurt am Main,False,1.0978236481938526
2024-05-16,Frankfurt am Main,True,1.0978236481938526
2024-05-16,Gelsenkirchen,False,1.479015918958032
2024-05-16,Gelsenkirchen,True,1.479015918958032
2024-05-16,Hamburg,False,1.0930341280972415
2024-05-16,Hamburg,True,1.0930341280972415
2024-05-16,Köln,False,1.6903052064631954
2024-05-16,Köln,True,1.6903052064631954
2024-05-16,Leipzig,False,1.383973063973064
2024-05-16,Leipzig,True,1.383973063973064
2024-05-16,München,False,1.753043478260869
2024-05-16,München,True,1.753043478260869
2024-05-16,Stuttgart,False,1.0434475450370895
2024-05-16,Stuttgart,True,1.0434475450370895
2024-05-17,Berlin,False,1.1432263066089543
2024-05-17,Berlin,True,1.1432263066089543
2024-05-17,Dortmund,False,0.8284634528527974
2024-05-17,Dortmund,True,0.8284634528527974
2024-05-17,Düsseldorf,False,0.65859224153063
2024-05-17,Düsseldorf,True,0.65859224153063
2024-05-17,Frankfurt am Main,False,1.2246033381413557
2024-05-17,Frankfurt am Main,True,1.2246033381413557
2024-05-17,Gelsenkirchen,False,1.8843992507358844
2024-05-17,Gelsenkirchen,True,2.5838135185130517
2024-05-17,Hamburg,False,1.394463569376084
2024-05-17,Hamburg,True,1.394463569376084
2024-05-17,Köln,False,1.4921733012839302
2024-05-17,Köln,True,1.4921733012839302
2024-05-17,Leipzig,False,1.4146091121628557
2024-05-17,Leipzig,True,1.4146091121628557
2024-05-17,München,False,1.0902093944538767
2024-05-17,München,True,1.0902093944538767
2024-05-17,Stuttgart,False,1.035810810810811
2024-05-17,Stuttgart,True,1.035810810810811
2024-05-18,Berlin,False,1.0168612191958495
2024-05-18,Berlin,True,1.0223208790814582
2024-05-18,Dortmund,False,1.1531844643322613
2024-05-18,Dortmund,True,1.4720543906559538
2024-05-18,Düsseldorf,False,0.431064572425829
2024-05-18,Düsseldorf,True,0.431064572425829
2024-05-18,Frankfurt am Main,False,1.1768269594850436
2024-05-18,Frankfurt am Main,True,1.2254684799953661
2024-05-18,Gelsenkirchen,False,0.9946557686262181
2024-05-18,Gelsenkirchen,True,0.9946557686262181
2024-05-18,Hamburg,False,1.0257399016677915
2024-05-18,Hamburg,True,1.0257399016677915
2024-05-18,Köln,False,0.8066617419918071
2024-05-18,Köln,True,0.8066617419918071
2024-05-18,Leipzig,False,1.5102573953131
2024-05-18,Leipzig,True,1.5102573953131
2024-05-18,München,False,1.0782190132370637
2024-05-18,München,True,1.0782190132370637
2024-05-18,Stuttgart,False,1.2043010752688172
2024-05-18,Stuttgart,True,1.3021767648143814
2024-05-19,Berlin,False,1.1455535000938364
2024-05-19,Berlin,True,1.1455535000938364
2024-05-19,Dortmund,False,2.573223140495868
2024-05-19,Dortmund,True,2.573223140495868
2024-05-19,Düsseldorf,False,1.3650086612224697
2024-05-19,Düsseldorf,True,1.4905779181104217
2024-05-19,Frankfurt am Main,False,0.5713196033562166
2024-05-19,Frankfurt am Main,True,0.5713196033562166
2024-05-19,Gelsenkirchen,False,0.9959349593495938
2024-05-19,Gelsenkirchen,True,0.9959349593495938
2024-05-19,Hamburg,False,0.897942718838241
2024-05-19,Hamburg,True,0.933735342383673
2024-05-19,Köln,False,1.078374735220489
2024-05-19,Köln,True,1.078374735220489
2024-05-19,Leipzig,False,1.9733199093883713
2024-05-19,Leipzig,True,1.9733199093883713
2024-05-19,München,False,0.6355353075170842
2024-05-19,München,True,0.6355353075170842
2024-05-19,Stuttgart,False,0.9701717384754441
2024-05-19,Stuttgart,True,0.9701717384754441
2024-05-20,Berlin,False,0.5369228126610347
2024-05-20,Berlin,True,0.5369228126610347
2024-05-20,Dortmund,False,0.5805422647527909
2024-05-20,Dortmund,True,0.5805422647527909
2024-05-20,Düsseldorf,False,0.3023700305810398
2024-05-20,Düsseldorf,True,0.3023700305810398
2024-05-20,Frankfurt am Main,False,1.0406707545989236
2024-05-20,Frankfurt am Main,True,1.0406707545989236
2024-05-20,Gelsenkirchen,False,0.5310202881505438
2024-05-20,Gelsenkirchen,True,0.5310202881505438
2024-05-20,Hamburg,False,0.3596276335129839
2024-05-20,Hamburg,True,0.3596276335129839
2024-05-20,Köln,False,0.9201593349497748
2024-05-20,Köln,True,0.9201593349497748
2024-05-20,Leipzig,False,0.6912083152880034
2024-05-20,Leipzig,True,0.6912083152880034
2024-05-20,München,False,0.43020354563361785
2024-05-20,München,True,0.43020354563361785
2024-05-20,Stuttgart,False,0.4606656580937972
2024-05-20,Stuttgart,True,0.4606656580937972
2024-05-21,Berlin,False,1.04688173238634
2024-05-21,Berlin,True,1.04688173238634
2024-05-21,Dortmund,False,0.6939384891012242
2024-05-21,Dortmund,True,0.6939384891012242
2024-05-21,Düsseldorf,False,0.6944444444444445
2024-05-21,Düsseldorf,True,0.6944444444444445
2024-05-21,Frankfurt am Main,False,1.0481802426343154
2024-05-21,Frankfurt am Main,True,1.0481802426343154
2024-05-21,Gelsenkirchen,False,1.3338987842804637
2024-05-21,Gelsenkirchen,True,2.420539487749636
2024-05-21,Hamburg,False,1.0214361241949437
2024-05-21,Hamburg,True,1.0214361241949437
2024-05-21,Köln,False,1.2492413679980316
2024-05-21,Köln,True,1.2492413679980316
2024-05-21,Leipzig,False,1.1775878442545107
2024-05-21,Leipzig,True,1.1775878442545107
2024-05-21,München,False,0.994327990135635
2024-05-21,München,True,0.994327990135635
2024-05-21,Stuttgart,False,0.9200388475234704
2024-05-21,Stuttgart,True,0.9200388475234704
2024-05-22,Berlin,False,1.103890894504613
2024-05-22,Berlin,True,1.103890894504613
2024-05-22,Dortmund,False,0.8237247924080664
2024-05-22,Dortmund,True,0.8237247924080664
2024-05-22,Düsseldorf,False,1.841584158415841
2024-05-22,Düsseldorf,True,1.841584158415841
2024-05-22,Frankfurt am Main,False,1.1793203181489518
2024-05-22,Frankfurt am Main,True,1.1793203181489518
2024-05-22,Gelsenkirchen,False,1.1146005509641874
2024-05-22,Gelsenkirchen,True,1.1146005509641874
2024-05-22,Hamburg,False,0.9204523672608782
2024-05-22,Hamburg,True,0.9204523672608782
2024-05-22,Köln,False,0.8941765810895428
2024-05-22,Köln,True,0.8941765810895428
2024-05-22,Leipzig,False,1.0592970217332973
2024-05-22,Leipzig,True,1.0592970217332973
2024-05-22,München,False,0.7453077010579
2024-05-22,München,True,0.7453077010579
2024-05-22,Stuttgart,False,0.7315454796792924
2024-05-22,Stuttgart,True,0.7315454796792924
2024-05-23,Berlin,False,1.0143035985403406
2024-05-23,Berlin,True,1.0143035985403406
2024-05-23,Dortmund,False,1.2170605813637596
2024-05-23,Dortmund,True,1.2170605813637596
2024-05-23,Düsseldorf,False,1.9041248606466
2024-05-23,Düsseldorf,True,1.9041248606466
2024-05-23,Frankfurt am Main,False,0.9894547902176355
2024-05-23,Frankfurt am Main,True,0.9894547902176355
2024-05-23,Gelsenkirchen,False,1.479015918958032
2024-05-23,Gelsenkirchen,True,1.479015918958032
2024-05-23,Hamburg,False,0.9778401122019632
2024-05-23,Hamburg,True,0.9778401122019632
2024-05-23,Köln,False,1.3164272890484738
2024-05-23,Köln,True,1.3164272890484738
2024-05-23,Leipzig,False,1.21993265993266
2024-05-23,Leipzig,True,1.21993265993266
2024-05-23,München,False,0.7596521739130434
2024-05-23,München,True,0.7596521739130434
2024-05-23,Stuttgart,False,0.8011303426351113
2024-05-23,Stuttgart,True,0.8011303426351113
2024-05-24,Berlin,False,1.0795529426965569
2024-05-24,Berlin,True,1.0795529426965569
2024-05-24,Dortmund,False,1.4672320029495807
2024-05-24,Dortmund,True,1.4672320029495807
2024-05-24,Düsseldorf,False,0.695453747586449
2024-05-24,Düsseldorf,True,0.695453747586449
2024-05-24,Frankfurt am Main,False,1.055841747372759
2024-05-24,Frankfurt am Main,True,1.055841747372759
2024-05-24,Gelsenkirchen,False,0.9478191062349479
2024-05-24,Gelsenkirchen,True,0.9478191062349479
2024-05-24,Hamburg,False,0.9356169450055477
2024-05-24,Hamburg,True,0.9356169450055477
2024-05-24,Köln,False,1.8196634812686872
2024-05-24,Köln,True,1.8196634812686872
2024-05-24,Leipzig,False,1.0186462906996636
2024-05-24,Leipzig,True,1.0186462906996636
2024-05-24,München,False,1.9173740803621961
2024-05-24,München,True,1.9766217796571377
2024-05-24,Stuttgart,False,0.5533783783783784
2024-05-24,Stuttgart,True,0.5533783783783784
2024-05-25,Berlin,False,1.0354850510492533
2024-05-25,Berlin,True,1.0472622707072765
2024-05-25,Dortmund,False,0.7687896428881742
2024-05-25,Dortmund,True,0.7687896428881742
2024-05-25,Düsseldorf,False,0.8202443280977313
2024-05-25,Düsseldorf,True,0.8202443280977313
2024-05-25,Frankfurt am Main,False,0.9753881105641803
2024-05-25,Frankfurt am Main,True,0.9753881105641803
2024-05-25,Gelsenkirchen,False,0.8758252121974222
2024-05-25,Gelsenkirchen,True,0.8758252121974222
2024-05-25,Hamburg,False,1.4616793598766027
2024-05-25,Hamburg,True,1.4616793598766027
2024-05-25,Köln,False,0.9646094956685245
2024-05-25,Köln,True,0.9646094956685245
2024-05-25,Leipzig,False,1.075681905493661
2024-05-25,Leipzig,True,1.075681905493661
2024-05-25,München,False,1.2466907340553552
2024-05-25,München,True,1.2466907340553552
2024-05-25,Stuttgart,False,0.5979689366786143
2024-05-25,Stuttgart,True,0.5979689366786143
2024-05-26,Berlin,False,0.939864339526529
2024-05-26,Berlin,True,0.939864339526529
2024-05-26,Dortmund,False,0.777520661157025
2024-05-26,Dortmund,True,0.777520661157025
2024-05-26,Düsseldorf,False,0.4434545904479089
2024-05-26,Düsseldorf,True,0.4434545904479089
2024-05-26,Frankfurt am Main,False,0.7688787185354691
2024-05-26,Frankfurt am Main,True,0.7688787185354691
2024-05-26,Gelsenkirchen,False,0.8963414634146342
2024-05-26,Gelsenkirchen,True,0.8963414634146342
2024-05-26,Hamburg,False,0.7586392362511765
2024-05-26,Hamburg,True,0.7586392362511765
2024-05-26,Köln,False,1.1808203350664357
2024-05-26,Köln,True,1.1808203350664357
2024-05-26,Leipzig,False,1.0888497357160836
2024-05-26,Leipzig,True,1.0888497357160836
2024-05-26,München,False,1.6583143507972664
2024-05-26,München,True,1.7494905611526843
2024-05-26,Stuttgart,False,0.8858089786080144
2024-05-26,Stuttgart,True,0.8858089786080144
2024-05-27,Berlin,False,1.2041412264401383
2024-05-27,Berlin,True,1.2041412264401383
2024-05-27,Dortmund,False,0.9652803337013862
2024-05-27,Dortmund,True,0.9652803337013862
2024-05-27,Düsseldorf,False,1.5038226299694188
2024-05-27,Düsseldorf,True,1.7655169196776386
2024-05-27,Frankfurt am Main,False,1.5347265673883117
2024-05-27,Frankfurt am Main,True,1.5347265673883117
2024-05-27,Gelsenkirchen,False,0.9879447221405468
2024-05-27,Gelsenkirchen,True,0.9879447221405468
2024-05-27,Hamburg,False,1.0847623713865753
2024-05-27,Hamburg,True,1.0847623713865753
2024-05-27,Köln,False,1.0292691375129892
2024-05-27,Köln,True,1.0292691375129892
2024-05-27,Leipzig,False,1.0368124729320054
2024-05-27,Leipzig,True,1.0368124729320054
2024-05-27,München,False,1.139855548260013
2024-05-27,München,True,1.139855548260013
2024-05-27,Stuttgart,False,0.7254160363086232
2024-05-27,Stuttgart,True,0.7254160363086232
2024-05-28,Berlin,False,0.7583081990909977
2024-05-28,Berlin,True,0.7583081990909977
2024-05-28,Dortmund,False,1.1579575992833682
2024-05-28,Dortmund,True,1.1579575992833682
2024-05-28,Düsseldorf,False,0.898148148148148
2024-05-28,Düsseldorf,True,0.898148148148148
2024-05-28,Frankfurt am Main,False,0.7893703061813979
2024-05-28,Frankfurt am Main,True,0.7893703061813979
2024-05-28,Gelsenkirchen,False,1.2151540853830927
2024-05-28,Gelsenkirchen,True,1.2151540853830927
2024-05-28,Hamburg,False,0.9810631548591752
2024-05-28,Hamburg,True,0.9810631548591752
2024-05-28,Köln,False,1.4122857377183626
2024-05-28,Köln,True,1.4122857377183626
2024-05-28,Leipzig,False,1.0560303893637226
2024-05-28,Leipzig,True,1.0560303893637226
2024-05-28,München,False,0.5023427866831073
2024-05-28,München,True,0.5023427866831073
2024-05-28,Stuttgart,False,0.7750080932340564
2024-05-28,Stuttgart,True,0.7750080932340564
2024-05-29,Berlin,False,1.0661853188929
2024-05-29,Berlin,True,1.0661853188929
2024-05-29,Dortmund,False,1.1126927639383155
2024-05-29,Dortmund,True,1.1126927639383155
2024-05-29,Düsseldorf,False,2.079207920792079
2024-05-29,Düsseldorf,True,2.079207920792079
2024-05-29,Frankfurt am Main,False,1.3159797541576284
2024-05-29,Frankfurt am Main,True,1.3159797541576284
2024-05-29,Gelsenkirchen,False,1.2688705234159783
2024-05-29,Gelsenkirchen,True,1.2688705234159783
2024-05-29,Hamburg,False,1.2465018209699061
2024-05-29,Hamburg,True,1.2465018209699061
2024-05-29,Köln,False,1.3127739511584218
2024-05-29,Köln,True,1.3127739511584218
2024-05-29,Leipzig,False,0.8001073249262142
2024-05-29,Leipzig,True,0.8001073249262142
2024-05-29,München,False,0.6210897508815835
2024-05-29,München,True,0.6210897508815835
2024-05-29,Stuttgart,False,0.7121924246613218
2024-05-29,Stuttgart,True,0.7121924246613218
2024-05-30,Berlin,False,1.2141810723703486
2024-05-30,Berlin,True,1.2141810723703486
2024-05-30,Dortmund,False,0.5400706329801684
2024-05-30,Dortmund,True,0.5400706329801684
2024-05-30,Düsseldorf,False,0.7616499442586399
2024-05-30,Düsseldorf,True,0.7616499442586399
2024-05-30,Frankfurt am Main,False,0.6549248373345301
2024-05-30,Frankfurt am Main,True,0.6549248373345301
2024-05-30,Gelsenkirchen,False,0.5916063675832128
2024-05-30,Gelsenkirchen,True,0.5916063675832128
2024-05-30,Hamburg,False,1.2723702664796632
2024-05-30,Hamburg,True,1.2723702664796632
2024-05-30,Köln,False,0.7498503889886297
2024-05-30,Köln,True,0.7498503889886297
2024-05-30,Leipzig,False,1.1294276094276094
2024-05-30,Leipzig,True,1.1294276094276094
2024-05-30,München,False,0.5388985507246377
2024-05-30,München,True,0.5388985507246377
2024-05-30,Stuttgart,False,0.4055104203461674
2024-05-30,Stuttgart,True,0.4055104203461674
2024-05-31,Berlin,False,1.1526325990051036
2024-05-31,Berlin,True,1.1526325990051036
2024-05-31,Dortmund,False,0.6994193013180937
2024-05-31,Dortmund,True,0.6994193013180937
2024-05-31,Düsseldorf,False,1.4498859048622081
2024-05-31,Düsseldorf,True,1.4498859048622081
2024-05-31,Frankfurt am Main,False,1.081805069029466
2024-05-31,Frankfurt am Main,True,1.081805069029466
2024-05-31,Gelsenkirchen,False,1.1913299438051914
2024-05-31,Gelsenkirchen,True,1.1913299438051914
2024-05-31,Hamburg,False,1.1315826908304645
2024-05-31,Hamburg,True,1.1315826908304645
2024-05-31,Köln,False,0.930761564167204
2024-05-31,Köln,True,0.930761564167204
2024-05-31,Leipzig,False,1.3188116553572449
2024-05-31,Leipzig,True,1.3188116553572449
2024-05-31,München,False,0.8937181663837012
2024-05-31,München,True,0.8937181663837012
2024-05-31,Stuttgart,False,1.2108108108108109
2024-05-31,Stuttgart,True,1.2108108108108109
2024-06-01,Berlin,False,1.5020120389770197
2024-06-01,Berlin,True,1.5020120389770197
2024-06-01,Dortmund,False,1.1410200712485878
2024-06-01,Dortmund,True,1.1410200712485878
2024-06-01,Düsseldorf,False,3.780104712041885
2024-06-01,Düsseldorf,True,3.780104712041885
2024-06-01,Frankfurt am Main,False,1.0018932222642938
2024-06-01,Frankfurt am Main,True,1.0018932222642938
2024-06-01,Gelsenkirchen,False,0.8230116315624018
2024-06-01,Gelsenkirchen,True,0.8230116315624018
2024-06-01,Hamburg,False,0.9177672804396027
2024-06-01,Hamburg,True,0.9177672804396027
2024-06-01,Köln,False,0.6675172923242226
2024-06-01,Köln,True,0.6675172923242226
2024-06-01,Leipzig,False,1.3144832885132538
2024-06-01,Leipzig,True,1.3144832885132538
2024-06-01,München,False,0.518892900120337
2024-06-01,München,True,0.518892900120337
2024-06-01,Stuttgart,False,0.8237753882915172
2024-06-01,Stuttgart,True,0.8237753882915172
2024-06-02,Berlin,False,1.0539692753156922
2024-06-02,Berlin,True,1.0539692753156922
2024-06-02,Dortmund,False,0.6016528925619835
2024-06-02,Dortmund,True,0.6016528925619835
2024-06-02,Düsseldorf,False,0.602821083890126
2024-06-02,Düsseldorf,True,0.602821083890126
2024-06-02,Frankfurt am Main,False,1.1533180778032037
2024-06-02,Frankfurt am Main,True,1.1533180778032037
2024-06-02,Gelsenkirchen,False,1.095528455284553
2024-06-02,Gelsenkirchen,True,1.095528455284553
2024-06-02,Hamburg,False,1.3007933306440769
2024-06-02,Hamburg,True,1.3007933306440769
2024-06-02,Köln,False,0.8006932409012131
2024-06-02,Köln,True,0.8006932409012131
2024-06-02,Leipzig,False,1.5469418575383842
2024-06-02,Leipzig,True,1.5469418575383842
2024-06-02,München,False,0.9225512528473804
2024-06-02,München,True,0.9225512528473804
2024-06-02,Stuttgart,False,1.1135884302500751
2024-06-02,Stuttgart,True,1.1135884302500751
2024-06-03,Berlin,False,0.8742485048173771
2024-06-03,Berlin,True,0.8742485048173771
2024-06-03,Dortmund,False,0.8278738805054594
2024-06-03,Dortmund,True,0.8278738805054594
2024-06-03,Düsseldorf,False,1.2576452599388381
2024-06-03,Düsseldorf,True,1.2576452599388381
2024-06-03,Frankfurt am Main,False,1.0616944062069829
2024-06-03,Frankfurt am Main,True,1.0616944062069829
2024-06-03,Gelsenkirchen,False,1.2061158482799177
2024-06-03,Gelsenkirchen,True,1.2061158482799177
2024-06-03,Hamburg,False,1.1288584027437532
2024-06-03,Hamburg,True,1.1288584027437532
2024-06-03,Köln,False,0.6498094908209214
2024-06-03,Köln,True,0.6498094908209214
2024-06-03,Leipzig,False,1.0570232423848709
2024-06-03,Leipzig,True,1.0570232423848709
2024-06-03,München,False,0.6342744583059751
2024-06-03,München,True,0.6342744583059751
2024-06-03,Stuttgart,False,0.8154311649016641
2024-06-03,Stuttgart,True,0.8154311649016641
2024-06-04,Berlin,False,1.0616703962639165
2024-06-04,Berlin,True,1.0616703962639165
2024-06-04,Dortmund,False,1.0534487906837862
2024-06-04,Dortmund,True,1.0534487906837862
2024-06-04,Düsseldorf,False,1.7283950617283954
2024-06-04,Düsseldorf,True,1.7283950617283954
2024-06-04,Frankfurt am Main,False,0.97053726169844
2024-06-04,Frankfurt am Main,True,0.97053726169844
2024-06-04,Gelsenkirchen,False,1.037037037037037
2024-06-04,Gelsenkirchen,True,1.037037037037037
2024-06-04,Hamburg,False,1.0254734211285208
2024-06-04,Hamburg,True,1.0254734211285208
2024-06-04,Köln,False,0.810629049454605
2024-06-04,Köln,True,0.810629049454605
2024-06-04,Leipzig,False,1.2649572649572651
2024-06-04,Leipzig,True,1.2649572649572651
2024-06-04,München,False,0.6577065351418002
2024-06-04,München,True,0.6577065351418002
2024-06-04,Stuttgart,False,0.8611201035933961
2024-06-04,Stuttgart,True,0.8611201035933961
2024-06-05,Berlin,False,1.1817087845968712
2024-06-05,Berlin,True,1.1817087845968712
2024-06-05,Dortmund,False,0.7905100830367733
2024-06-05,Dortmund,True,0.7905100830367733
2024-06-05,Düsseldorf,False,0.8745874587458745
2024-06-05,Düsseldorf,True,0.8745874587458745
2024-06-05,Frankfurt am Main,False,0.6579898770788142
2024-06-05,Frankfurt am Main,True,0.6579898770788142
2024-06-05,Gelsenkirchen,False,1.0336088154269973
2024-06-05,Gelsenkirchen,True,1.0336088154269973
2024-06-05,Hamburg,False,0.9472877132451603
2024-06-05,Hamburg,True,0.9472877132451603
2024-06-05,Köln,False,1.2426424546023793
2024-06-05,Köln,True,1.2426424546023793
2024-06-05,Leipzig,False,1.1156426079957071
2024-06-05,Leipzig,True,1.1156426079957071
2024-06-05,München,False,0.5016494141735865
2024-06-05,München,True,0.5016494141735865
2024-06-05,Stuttgart,False,0.7857340337296103
2024-06-05,Stuttgart,True,0.7857340337296103
2024-06-06,Berlin,False,1.1798737447726608
2024-06-06,Berlin,True,1.1798737447726608
2024-06-06,Dortmund,False,1.6943765281173593
2024-06-06,Dortmund,True,1.6943765281173593
2024-06-06,Düsseldorf,False,0.7803790412486065
2024-06-06,Düsseldorf,True,0.7803790412486065
2024-06-06,Frankfurt am Main,False,0.9988781691720888
2024-06-06,Frankfurt am Main,True,0.9988781691720888
2024-06-06,Gelsenkirchen,False,1.0900144717800289
2024-06-06,Gelsenkirchen,True,1.0900144717800289
2024-06-06,Hamburg,False,0.9307152875175315
2024-06-06,Hamburg,True,0.9307152875175315
2024-06-06,Köln,False,1.2944344703770194
2024-06-06,Köln,True,1.2944344703770194
2024-06-06,Leipzig,False,1.3066666666666666
2024-06-06,Leipzig,True,1.3066666666666666
2024-06-06,München,False,1.1118840579710145
2024-06-06,München,True,1.1118840579710145
2024-06-06,Stuttgart,False,0.949487813493465
2024-06-06,Stuttgart,True,0.949487813493465
2024-06-07,Berlin,False,1.124413721816655
2024-06-07,Berlin,True,1.124413721816655
2024-06-07,Dortmund,False,0.6865148861646234
2024-06-07,Dortmund,True,0.6865148861646234
2024-06-07,Düsseldorf,False,0.6094435667895384
2024-06-07,Düsseldorf,True,0.6094435667895384
2024-06-07,Frankfurt am Main,False,1.0125695446115803
2024-06-07,Frankfurt am Main,True,1.0125695446115803
2024-06-07,Gelsenkirchen,False,0.9253411827669252
2024-06-07,Gelsenkirchen,True,0.9253411827669252
2024-06-07,Hamburg,False,0.9296423795840563
2024-06-07,Hamburg,True,0.9296423795840563
2024-06-07,Köln,False,0.9997068652166264
2024-06-07,Köln,True,0.9997068652166264
2024-06-07,Leipzig,False,1.0218395392598507
2024-06-07,Leipzig,True,1.0218395392598507
2024-06-07,München,False,0.7099037917374081
2024-06-07,München,True,0.7099037917374081
2024-06-07,Stuttgart,False,0.8324324324324324
2024-06-07,Stuttgart,True,0.8324324324324324
2024-06-08,Berlin,False,1.0876317802387843
2024-06-08,Berlin,True,1.0876317802387843
2024-06-08,Dortmund,False,0.6982361630028673
2024-06-08,Dortmund,True,0.6982361630028673
2024-06-08,Düsseldorf,False,0.5794066317626528
2024-06-08,Düsseldorf,True,0.5794066317626528
2024-06-08,Frankfurt am Main,False,0.9011737978038623
2024-06-08,Frankfurt am Main,True,0.9011737978038623
2024-06-08,Gelsenkirchen,False,1.0298648223828986
2024-06-08,Gelsenkirchen,True,1.0298648223828986
2024-06-08,Hamburg,False,0.9339631736238311
2024-06-08,Hamburg,True,0.9339631736238311
2024-06-08,Köln,False,0.9721308172721779
2024-06-08,Köln,True,0.9721308172721779
2024-06-08,Leipzig,False,1.041260084517864
2024-06-08,Leipzig,True,1.041260084517864
2024-06-08,München,False,1.2466907340553555
2024-06-08,München,True,1.2466907340553555
2024-06-08,Stuttgart,False,0.7025089605734768
2024-06-08,Stuttgart,True,0.7025089605734768
2024-06-09,Berlin,False,1.2056087294565538
2024-06-09,Berlin,True,1.2056087294565538
2024-06-09,Dortmund,False,1.2218181818181817
2024-06-09,Dortmund,True,1.2218181818181817
2024-06-09,Düsseldorf,False,0.5196733481811432
2024-06-09,Düsseldorf,True,0.5196733481811432
2024-06-09,Frankfurt am Main,False,0.7048054919908467
2024-06-09,Frankfurt am Main,True,0.7048054919908467
2024-06-09,Gelsenkirchen,False,0.9176829268292682
2024-06-09,Gelsenkirchen,True,0.9176829268292682
2024-06-09,Hamburg,False,0.7529917977679171
2024-06-09,Hamburg,True,0.7529917977679171
2024-06-09,Köln,False,0.895051030233006
2024-06-09,Köln,True,0.895051030233006
2024-06-09,Leipzig,False,1.0395167379813746
2024-06-09,Leipzig,True,1.0395167379813746
2024-06-09,München,False,1.7995444191343961
2024-06-09,München,True,1.9240677716022105
2024-06-09,Stuttgart,False,0.9364266345284725
2024-06-09,Stuttgart,True,0.9364266345284725
2024-06-10,Berlin,False,1.3825325192460844
2024-06-10,Berlin,True,1.3825325192460844
2024-06-10,Dortmund,False,0.8003925898662742
2024-06-10,Dortmund,True,0.8003925898662742
2024-06-10,Düsseldorf,False,1.3165137614678903
2024-06-10,Düsseldorf,True,1.3165137614678903
2024-06-10,Frankfurt am Main,False,1.051182580402953
2024-06-10,Frankfurt am Main,True,1.051182580402953
2024-06-10,Gelsenkirchen,False,0.8027050867391944
2024-06-10,Gelsenkirchen,True,0.8027050867391944
2024-06-10,Hamburg,False,1.1156295933365996
2024-06-10,Hamburg,True,1.1156295933365996
2024-06-10,Köln,False,1.334776584689989
2024-06-10,Köln,True,1.334776584689989
2024-06-10,Leipzig,False,1.0913815504547424
2024-06-10,Leipzig,True,1.0913815504547424
2024-06-10,München,False,1.0074852265265923
2024-06-10,München,True,1.0074852265265923
2024-06-10,Stuttgart,False,0.8472012102874432
2024-06-10,Stuttgart,True,0.8472012102874432
2024-06-11,Berlin,False,1.1683044463285475
2024-06-11,Berlin,True,1.1683044463285475
2024-06-11,Dortmund,False,0.8165621578580672
2024-06-11,Dortmund,True,0.8165621578580672
2024-06-11,Düsseldorf,False,1.6604938271604939
2024-06-11,Düsseldorf,True,1.6604938271604939
2024-06-11,Frankfurt am Main,False,1.1792027729636052
2024-06-11,Frankfurt am Main,True,1.1792027729636052
2024-06-11,Gelsenkirchen,False,0.7995476392422957
2024-06-11,Gelsenkirchen,True,0.7995476392422957
2024-06-11,Hamburg,False,1.1492838604248776
2024-06-11,Hamburg,True,1.1492838604248776
2024-06-11,Köln,False,0.9920446157631426
2024-06-11,Köln,True,0.9920446157631426
2024-06-11,Leipzig,False,1.08641975308642
2024-06-11,Leipzig,True,1.08641975308642
2024-06-11,München,False,0.8907521578298399
2024-06-11,München,True,0.8907521578298399
2024-06-11,Stuttgart,False,0.9155066364519262
2024-06-11,Stuttgart,True,0.9155066364519262
2024-06-12,Berlin,False,1.2154031287605294
2024-06-12,Berlin,True,1.2154031287605294
2024-06-12,Dortmund,False,1.1807829181494662
2024-06-12,Dortmund,True,1.1807829181494662
2024-06-12,Düsseldorf,False,0.9273927392739272
2024-06-12,Düsseldorf,True,0.9273927392739272
2024-06-12,Frankfurt am Main,False,0.9718004338394796
2024-06-12,Frankfurt am Main,True,0.9718004338394796
2024-06-12,Gelsenkirchen,False,0.8330578512396695
2024-06-12,Gelsenkirchen,True,0.8330578512396695
2024-06-12,Hamburg,False,1.0667050028752159
2024-06-12,Hamburg,True,1.0667050028752159
2024-06-12,Köln,False,1.4497495303694423
2024-06-12,Köln,True,1.4497495303694423
2024-06-12,Leipzig,False,1.0762006976120204
2024-06-12,Leipzig,True,1.0762006976120204
2024-06-12,München,False,1.624388579228757
2024-06-12,München,True,1.7010278729223887
2024-06-12,Stuttgart,False,0.7896046447332042
2024-06-12,Stuttgart,True,0.7896046447332042
2024-06-13,Berlin,False,1.0844098766747465
2024-06-13,Berlin,True,1.0844098766747465
2024-06-13,Dortmund,False,1.1447976093452867
2024-06-13,Dortmund,True,1.1447976093452867
2024-06-13,Düsseldorf,False,0.808472686733556
2024-06-13,Düsseldorf,True,0.808472686733556
2024-06-13,Frankfurt am Main,False,1.2344626430334307
2024-06-13,Frankfurt am Main,True,1.2344626430334307
2024-06-13,Gelsenkirchen,False,1.138639652677279
2024-06-13,Gelsenkirchen,True,1.138639652677279
2024-06-13,Hamburg,False,1.1192145862552592
2024-06-13,Hamburg,True,1.1192145862552592
2024-06-13,Köln,False,0.808497905445841
2024-06-13,Köln,True,0.808497905445841
2024-06-13,Leipzig,False,1.087946127946128
2024-06-13,Leipzig,True,1.087946127946128
2024-06-13,München,False,0.675246376811594
2024-06-13,München,True,0.675246376811594
2024-06-13,Stuttgart,False,1.1225715294948782
2024-06-13,Stuttgart,True,1.1225715294948782
2024-06-14,Berlin,False,1.0860649912785063
2024-06-14,Berlin,True,1.0860649912785063
2024-06-14,Dortmund,False,0.7820075583003042
2024-06-14,Dortmund,True,0.7820075583003042
2024-06-14,Düsseldorf,False,1.3761628927505707
2024-06-14,Düsseldorf,True,1.3761628927505707
2024-06-14,Frankfurt am Main,False,1.0688234082011128
2024-06-14,Frankfurt am Main,True,1.0688234082011128
2024-06-14,Gelsenkirchen,False,0.9777896708589779
2024-06-14,Gelsenkirchen,True,0.9777896708589779
2024-06-14,Hamburg,False,1.0001422515576543
2024-06-14,Hamburg,True,1.0001422515576543
2024-06-14,Köln,False,0.7075101131500264
2024-06-14,Köln,True,0.7075101131500264
2024-06-14,Leipzig,False,1.2102412043108859
2024-06-14,Leipzig,True,1.2102412043108859
2024-06-14,München,False,0.8176570458404077
2024-06-14,München,True,0.9232472422426496
2024-06-14,Stuttgart,False,1.0783783783783785
2024-06-14,Stuttgart,True,1.0783783783783785
2024-06-15,Berlin,False,0.9814759386743823
2024-06-15,Berlin,True,0.9814759386743823
2024-06-15,Dortmund,False,1.0437049265791987
2024-06-15,Dortmund,True,1.0437049265791987
2024-06-15,Düsseldorf,False,0.3682373472949389
2024-06-15,Düsseldorf,True,0.3682373472949389
2024-06-15,Frankfurt am Main,False,0.9435819765240437
2024-06-15,Frankfurt am Main,True,0.9435819765240437
2024-06-15,Gelsenkirchen,False,0.8362150267211569
2024-06-15,Gelsenkirchen,True,0.8362150267211569
2024-06-15,Hamburg,False,0.5542594556380346
2024-06-15,Hamburg,True,0.5542594556380346
2024-06-15,Köln,False,0.7446108387616681
2024-06-15,Köln,True,0.7446108387616681
2024-06-15,Leipzig,False,0.9315405301575106
2024-06-15,Leipzig,True,0.9315405301575106
2024-06-15,München,False,0.7817087845968712
2024-06-15,München,True,0.7817087845968712
2024-06-15,Stuttgart,False,0.5352449223416966
2024-06-15,Stuttgart,True,0.5352449223416966
2024-06-16,Berlin,False,0.7037722190943456
2024-06-16,Berlin,True,0.7037722190943456
2024-06-16,Dortmund,False,0.740495867768595
2024-06-16,Dortmund,True,0.740495867768595
2024-06-16,Düsseldorf,False,0.49542192526602324
2024-06-16,Düsseldorf,True,0.49542192526602324
2024-06-16,Frankfurt am Main,False,1.1853546910755148
2024-06-16,Frankfurt am Main,True,1.1853546910755148
2024-06-16,Gelsenkirchen,False,1.024390243902439
2024-06-16,Gelsenkirchen,True,1.024390243902439
2024-06-16,Hamburg,False,0.864058087938685
2024-06-16,Hamburg,True,0.864058087938685
2024-06-16,Köln,False,1.2859618717504333
2024-06-16,Köln,True,1.2859618717504333
2024-06-16,Leipzig,False,0.8774226025673295
2024-06-16,Leipzig,True,0.8774226025673295
2024-06-16,München,False,0.683371298405467
2024-06-16,München,True,0.683371298405467
2024-06-16,Stuttgart,False,0.9870442904489303
2024-06-16,Stuttgart,True,1.6493274402151856
2024-06-17,Berlin,False,0.8683458517465921
2024-06-17,Berlin,True,0.8683458517465921
2024-06-17,Dortmund,False,0.7900871058765797
2024-06-17,Dortmund,True,0.7900871058765797
2024-06-17,Düsseldorf,False,1.2469418960244647
2024-06-17,Düsseldorf,True,1.2469418960244647
2024-06-17,Frankfurt am Main,False,0.8724815417344512
2024-06-17,Frankfurt am Main,True,0.8724815417344512
2024-06-17,Gelsenkirchen,False,0.8685680682152308
2024-06-17,Gelsenkirchen,True,0.8685680682152308
2024-06-17,Hamburg,False,0.8187163155316022
2024-06-17,Hamburg,True,0.8187163155316022
2024-06-17,Köln,False,1.149289920332525
2024-06-17,Köln,True,1.149289920332525
2024-06-17,Leipzig,False,1.0307492420961455
2024-06-17,Leipzig,True,1.0307492420961455
2024-06-17,München,False,1.2685489166119504
2024-06-17,München,True,1.2685489166119504
2024-06-17,Stuttgart,False,1.0484114977307109
2024-06-17,Stuttgart,True,1.0484114977307109
2024-06-18,Berlin,False,0.7839937731941568
2024-06-18,Berlin,True,0.7839937731941568
2024-06-18,Dortmund,False,1.258286055538967
2024-06-18,Dortmund,True,2.016884880703936
2024-06-18,Düsseldorf,False,0.8425925925925927
2024-06-18,Düsseldorf,True,0.8425925925925927
2024-06-18,Frankfurt am Main,False,1.5868284228769498
2024-06-18,Frankfurt am Main,True,1.5868284228769498
2024-06-18,Gelsenkirchen,False,0.7560079163132598
2024-06-18,Gelsenkirchen,True,0.7560079163132598
2024-06-18,Hamburg,False,0.8020763241372681
2024-06-18,Hamburg,True,0.8020763241372681
2024-06-18,Köln,False,1.133273189534979
2024-06-18,Köln,True,1.133273189534979
2024-06-18,Leipzig,False,1.080721747388414
2024-06-18,Leipzig,True,1.080721747388414
2024-06-18,München,False,0.7664611590628854
2024-06-18,München,True,0.7664611590628854
2024-06-18,Stuttgart,False,0.8022013596633214
2024-06-18,Stuttgart,True,0.8022013596633214
2024-06-19,Berlin,False,1.0236662655435218
2024-06-19,Berlin,True,1.0236662655435218
2024-06-19,Dortmund,False,0.8037959667852905
2024-06-19,Dortmund,True,0.8037959667852905
2024-06-19,Düsseldorf,False,0.7920792079207919
2024-06-19,Düsseldorf,True,0.7920792079207919
2024-06-19,Frankfurt am Main,False,0.9768618944323935
2024-06-19,Frankfurt am Main,True,0.9768618944323935
2024-06-19,Gelsenkirchen,False,0.7713498622589531
2024-06-19,Gelsenkirchen,True,0.7713498622589531
2024-06-19,Hamburg,False,1.019743147402722
2024-06-19,Hamburg,True,1.019743147402722
2024-06-19,Köln,False,1.121008140262993
2024-06-19,Köln,True,1.121008140262993
2024-06-19,Leipzig,False,0.9466058492084787
2024-06-19,Leipzig,True,0.9466058492084787
2024-06-19,München,False,0.9746331475372537
2024-06-19,München,True,0.9746331475372537
2024-06-19,Stuttgart,False,1.083771081006359
2024-06-19,Stuttgart,True,1.2367861118711383
2024-06-20,Berlin,False,0.9949125003329515
2024-06-20,Berlin,True,0.9949125003329515
2024-06-20,Dortmund,False,0.9888617223580549
2024-06-20,Dortmund,True,0.9888617223580549
2024-06-20,Düsseldorf,False,0.8303232998885174
2024-06-20,Düsseldorf,True,0.8303232998885174
2024-06-20,Frankfurt am Main,False,1.1590756113978011
2024-06-20,Frankfurt am Main,True,1.1590756113978011
2024-06-20,Gelsenkirchen,False,1.0049204052098408
2024-06-20,Gelsenkirchen,True,1.0049204052098408
2024-06-20,Hamburg,False,1.0236559139784942
2024-06-20,Hamburg,True,1.0236559139784942
2024-06-20,Köln,False,1.121633752244165
2024-06-20,Köln,True,1.121633752244165
2024-06-20,Leipzig,False,1.0389225589225588
2024-06-20,Leipzig,True,1.0389225589225588
2024-06-20,München,False,1.2904347826086955
2024-06-20,München,True,1.2904347826086955
2024-06-20,Stuttgart,False,1.172024019780996
2024-06-20,Stuttgart,True,1.172024019780996
2024-06-21,Berlin,False,0.9782544091995606
2024-06-21,Berlin,True,0.9782544091995606
2024-06-21,Dortmund,False,0.743294312839893
2024-06-21,Dortmund,True,0.743294312839893
2024-06-21,Düsseldorf,False,1.277865543268387
2024-06-21,Düsseldorf,True,1.277865543268387
2024-06-21,Frankfurt am Main,False,0.9692973418504016
2024-06-21,Frankfurt am Main,True,0.9692973418504016
2024-06-21,Gelsenkirchen,False,0.9665507091249664
2024-06-21,Gelsenkirchen,True,0.9665507091249664
2024-06-21,Hamburg,False,0.9893880337989699
2024-06-21,Hamburg,True,0.9893880337989699
2024-06-21,Köln,False,0.6976607844286803
2024-06-21,Köln,True,0.6976607844286803
2024-06-21,Leipzig,False,0.961167816616297
2024-06-21,Leipzig,True,0.961167816616297
2024-06-21,München,False,1.1219015280135824
2024-06-21,München,True,1.1219015280135824
2024-06-21,Stuttgart,False,0.9837837837837838
2024-06-21,Stuttgart,True,0.9837837837837838
2024-06-22,Berlin,False,0.6460141674149456
2024-06-22,Berlin,True,0.6460141674149456
2024-06-22,Dortmund,False,1.2261708228343038
2024-06-22,Dortmund,True,1.4786578867118365
2024-06-22,Düsseldorf,False,0.7888307155322862
2024-06-22,Düsseldorf,True,0.7888307155322862
2024-06-22,Frankfurt am Main,False,1.1026126467247255
2024-06-22,Frankfurt am Main,True,1.1026126467247255
2024-06-22,Gelsenkirchen,False,0.7613957874882114
2024-06-22,Gelsenkirchen,True,0.7613957874882114
2024-06-22,Hamburg,False,0.9177672804396027
2024-06-22,Hamburg,True,0.9177672804396027
2024-06-22,Köln,False,0.9420455308575649
2024-06-22,Köln,True,0.9420455308575649
2024-06-22,Leipzig,False,0.463618901267768
2024-06-22,Leipzig,True,0.463618901267768
2024-06-22,München,False,1.0815884476534297
2024-06-22,München,True,1.1525698353331064
2024-06-22,Stuttgart,False,0.7526881720430108
2024-06-22,Stuttgart,True,0.7526881720430108
2024-06-23,Berlin,False,0.7657041743746481
2024-06-23,Berlin,True,0.7657041743746481
2024-06-23,Dortmund,False,1.3328925619834713
2024-06-23,Dortmund,True,1.3328925619834713
2024-06-23,Düsseldorf,False,0.5266023261568918
2024-06-23,Düsseldorf,True,0.5266023261568918
2024-06-23,Frankfurt am Main,False,1.834096109839817
2024-06-23,Frankfurt am Main,True,2.051772985106814
2024-06-23,Gelsenkirchen,False,0.8678861788617888
2024-06-23,Gelsenkirchen,True,0.8678861788617888
2024-06-23,Hamburg,False,0.864058087938685
2024-06-23,Hamburg,True,0.864058087938685
2024-06-23,Köln,False,0.6955517042172156
2024-06-23,Köln,True,0.6955517042172156
2024-06-23,Leipzig,False,0.42461615907374783
2024-06-23,Leipzig,True,0.42461615907374783
2024-06-23,München,False,0.6560364464692482
2024-06-23,München,True,0.6560364464692482
2024-06-23,Stuttgart,False,1.0292256703826455
2024-06-23,Stuttgart,True,1.0292256703826455
2024-06-24,Berlin,False,1.1481753306578806
2024-06-24,Berlin,True,1.1481753306578806
2024-06-24,Dortmund,False,0.9412342043920991
2024-06-24,Dortmund,True,0.9412342043920991
2024-06-24,Düsseldorf,False,1.4931192660550459
2024-06-24,Düsseldorf,True,1.4931192660550459
2024-06-24,Frankfurt am Main,False,1.0091352771868352
2024-06-24,Frankfurt am Main,True,1.0091352771868352
2024-06-24,Gelsenkirchen,False,0.8232872684504555
2024-06-24,Gelsenkirchen,True,0.8232872684504555
2024-06-24,Hamburg,False,1.043606075453209
2024-06-24,Hamburg,True,1.043606075453209
2024-06-24,Köln,False,0.7225493591963976
2024-06-24,Köln,True,0.7225493591963976
2024-06-24,Leipzig,False,0.8751263173090805
2024-06-24,Leipzig,True,0.8751263173090805
2024-06-24,München,False,0.6563361785948786
2024-06-24,München,True,0.6563361785948786
2024-06-24,Stuttgart,False,0.9901664145234492
2024-06-24,Stuttgart,True,0.9901664145234492
2024-06-25,Berlin,False,1.1114848430094375
2024-06-25,Berlin,True,1.1114848430094375
2024-06-25,Dortmund,False,1.1914004180352344
2024-06-25,Dortmund,True,1.6571347993908967
2024-06-25,Düsseldorf,False,0.7129629629629629
2024-06-25,Düsseldorf,True,0.7129629629629629
2024-06-25,Frankfurt am Main,False,1.0093587521663776
2024-06-25,Frankfurt am Main,True,1.0093587521663776
2024-06-25,Gelsenkirchen,False,0.692677410234662
2024-06-25,Gelsenkirchen,True,0.692677410234662
2024-06-25,Hamburg,False,0.932615591656253
2024-06-25,Hamburg,True,0.932615591656253
2024-06-25,Köln,False,1.4088411383580741
2024-06-25,Köln,True,1.4088411383580741
2024-06-25,Leipzig,False,0.7806267806267807
2024-06-25,Leipzig,True,0.7806267806267807
2024-06-25,München,False,1.049568434032059
2024-06-25,München,True,1.049568434032059
2024-06-25,Stuttgart,False,0.67076723858854
2024-06-25,Stuttgart,True,0.67076723858854
2024-06-26,Berlin,False,1.1079021259526673
2024-06-26,Berlin,True,1.1079021259526673
2024-06-26,Dortmund,False,0.7805456702253855
2024-06-26,Dortmund,True,0.7805456702253855
2024-06-26,Düsseldorf,False,1.0297029702970295
2024-06-26,Düsseldorf,True,1.0297029702970295
2024-06-26,Frankfurt am Main,False,1.250180766449747
2024-06-26,Frankfurt am Main,True,1.250180766449747
2024-06-26,Gelsenkirchen,False,0.9680440771349863
2024-06-26,Gelsenkirchen,True,1.5881903701834506
2024-06-26,Hamburg,False,0.9955913360168681
2024-06-26,Hamburg,True,0.9955913360168681
2024-06-26,Köln,False,0.7254226675015654
2024-06-26,Köln,True,0.7254226675015654
2024-06-26,Leipzig,False,0.7493962972900454
2024-06-26,Leipzig,True,0.7493962972900454
2024-06-26,München,False,1.4173586622682288
2024-06-26,München,True,1.4173586622682288
2024-06-26,Stuttgart,False,0.8128283107547694
2024-06-26,Stuttgart,True,1.1899637669497645
2024-06-27,Berlin,False,1.0642729669978426
2024-06-27,Berlin,True,1.0642729669978426
2024-06-27,Dortmund,False,0.4621026894865526
2024-06-27,Dortmund,True,0.4621026894865526
2024-06-27,Düsseldorf,False,0.8615384615384614
2024-06-27,Düsseldorf,True,0.8615384615384614
2024-06-27,Frankfurt am Main,False,1.0836885797621718
2024-06-27,Frankfurt am Main,True,1.0836885797621718
2024-06-27,Gelsenkirchen,False,0.7982633863965268
2024-06-27,Gelsenkirchen,True,0.7982633863965268
2024-06-27,Hamburg,False,0.9294062646096304
2024-06-27,Hamburg,True,0.9294062646096304
2024-06-27,Köln,False,0.6995810891681629
2024-06-27,Köln,True,0.6995810891681629
2024-06-27,Leipzig,False,0.7919191919191918
2024-06-27,Leipzig,True,0.7919191919191918
2024-06-27,München,False,1.0128695652173911
2024-06-27,München,True,1.0128695652173911
2024-06-27,Stuttgart,False,1.2363122571529495
2024-06-27,Stuttgart,True,1.2363122571529495
2024-06-28,Berlin,False,1.0998126493959557
2024-06-28,Berlin,True,1.0998126493959557
2024-06-28,Dortmund,False,0.6400589916121301
2024-06-28,Dortmund,True,0.6400589916121301
2024-06-28,Düsseldorf,False,3.288046340179041
2024-06-28,Düsseldorf,True,3.288046340179041
2024-06-28,Frankfurt am Main,False,0.8914073768802802
2024-06-28,Frankfurt am Main,True,0.8914073768802802
2024-06-28,Gelsenkirchen,False,0.9665507091249664
2024-06-28,Gelsenkirchen,True,0.9665507091249664
2024-06-28,Hamburg,False,1.0885658197957266
2024-06-28,Hamburg,True,1.0885658197957266
2024-06-28,Köln,False,1.0834261593480679
2024-06-28,Köln,True,1.0834261593480679
2024-06-28,Leipzig,False,0.6849518161601187
2024-06-28,Leipzig,True,0.6849518161601187
2024-06-28,München,False,1.3389926428975663
2024-06-28,München,True,1.3389926428975663
2024-06-28,Stuttgart,False,1.1729729729729728
2024-06-28,Stuttgart,True,1.1729729729729728
2024-06-29,Berlin,False,1.027104326715222
2024-06-29,Berlin,True,1.0689607126073795
2024-06-29,Dortmund,False,1.0193761404118515
2024-06-29,Dortmund,True,1.5356596007286811
2024-06-29,Düsseldorf,False,3.7870855148342057
2024-06-29,Düsseldorf,True,3.7870855148342057
2024-06-29,Frankfurt am Main,False,1.0283983339644074
2024-06-29,Frankfurt am Main,True,1.0283983339644074
2024-06-29,Gelsenkirchen,False,0.7834014460861363
2024-06-29,Gelsenkirchen,True,0.7834014460861363
2024-06-29,Hamburg,False,0.8948230984286127
2024-06-29,Hamburg,True,0.8948230984286127
2024-06-29,Köln,False,1.066147337317843
2024-06-29,Köln,True,1.066147337317843
2024-06-29,Leipzig,False,0.38724548597771785
2024-06-29,Leipzig,True,0.38724548597771785
2024-06-29,München,False,1.3140794223826717
2024-06-29,München,True,1.3140794223826717
2024-06-29,Stuttgart,False,0.6230585424133812
2024-06-29,Stuttgart,True,0.6230585424133812
2024-06-30,Berlin,False,0.6440923349151452
2024-06-30,Berlin,True,0.6440923349151452
2024-06-30,Dortmund,False,0.9302479338842976
2024-06-30,Dortmund,True,0.9302479338842976
2024-06-30,Düsseldorf,False,4.905716406829992
2024-06-30,Düsseldorf,True,4.905716406829992
2024-06-30,Frankfurt am Main,False,1.249427917620137
2024-06-30,Frankfurt am Main,True,1.249427917620137
2024-06-30,Gelsenkirchen,False,1.08130081300813
2024-06-30,Gelsenkirchen,True,2.447923145639542
2024-06-30,Hamburg,False,1.0372462014253059
2024-06-30,Hamburg,True,1.0372462014253059
2024-06-30,Köln,False,0.9462738301559794
2024-06-30,Köln,True,0.9462738301559794
2024-06-30,Leipzig,False,0.6659954694185753
2024-06-30,Leipzig,True,0.6659954694185753
2024-06-30,München,False,1.020501138952164
2024-06-30,München,True,1.020501138952164
2024-06-30,Stuttgart,False,1.0798433263031033
2024-06-30,Stuttgart,True,1.0798433263031033
2024-07-01,Berlin,False,1.2111369634129205
2024-07-01,Berlin,True,1.2111369634129205
2024-07-01,Dortmund,False,0.8038277511961722
2024-07-01,Dortmund,True,0.8038277511961722
2024-07-01,Düsseldorf,False,1.9105504587155964
2024-07-01,Düsseldorf,True,2.46062754960598
2024-07-01,Frankfurt am Main,False,0.9565761481666872
2024-07-01,Frankfurt am Main,True,0.9565761481666872
2024-07-01,Gelsenkirchen,False,1.094972067039106
2024-07-01,Gelsenkirchen,True,1.094972067039106
2024-07-01,Hamburg,False,1.1523762861342481
2024-07-01,Hamburg,True,1.1523762861342481
2024-07-01,Köln,False,1.5275372358850017
2024-07-01,Köln,True,1.5275372358850017
2024-07-01,Leipzig,False,1.0064963187527067
2024-07-01,Leipzig,True,1.0064963187527067
2024-07-01,München,False,0.9652002626395272
2024-07-01,München,True,0.9652002626395272
2024-07-01,Stuttgart,False,0.8842662632375191
2024-07-01,Stuttgart,True,0.8842662632375191
2024-07-02,Berlin,False,1.0935827762102657
2024-07-02,Berlin,True,1.0935827762102657
2024-07-02,Dortmund,False,0.7691848312929234
2024-07-02,Dortmund,True,0.7691848312929234
2024-07-02,Düsseldorf,False,0.6944444444444445
2024-07-02,Düsseldorf,True,0.6944444444444445
2024-07-02,Frankfurt am Main,False,0.9559792027729638
2024-07-02,Frankfurt am Main,True,0.9559792027729638
2024-07-02,Gelsenkirchen,False,0.9420412779191405
2024-07-02,Gelsenkirchen,True,0.9420412779191405
2024-07-02,Hamburg,False,0.9877919830818035
2024-07-02,Hamburg,True,0.9877919830818035
2024-07-02,Köln,False,1.0701222012630198
2024-07-02,Köln,True,1.0701222012630198
2024-07-02,Leipzig,False,0.945868945868946
2024-07-02,Leipzig,True,1.504474417395243
2024-07-02,München,False,1.0909987669543773
2024-07-02,München,True,1.0909987669543773
2024-07-02,Stuttgart,False,0.8973777921657495
2024-07-02,Stuttgart,True,0.8973777921657495
2024-07-03,Berlin,False,1.0918572001604492
2024-07-03,Berlin,True,1.0918572001604492
2024-07-03,Dortmund,False,0.9233689205219453
2024-07-03,Dortmund,True,0.9233689205219453
2024-07-03,Düsseldorf,False,0.7722772277227721
2024-07-03,Düsseldorf,True,0.7722772277227721
2024-07-03,Frankfurt am Main,False,1.1337671728127259
2024-07-03,Frankfurt am Main,True,1.1337671728127259
2024-07-03,Gelsenkirchen,False,0.8099173553719008
2024-07-03,Gelsenkirchen,True,0.8099173553719008
2024-07-03,Hamburg,False,1.055970864481503
2024-07-03,Hamburg,True,1.055970864481503
2024-07-03,Köln,False,1.3182529743268627
2024-07-03,Köln,True,1.3182529743268627
2024-07-03,Leipzig,False,0.9034075664072979
2024-07-03,Leipzig,True,0.9034075664072979
2024-07-03,München,False,0.7580480036400864
2024-07-03,München,True,0.7580480036400864
2024-07-03,Stuttgart,False,0.7276748686756983
2024-07-03,Stuttgart,True,0.7276748686756983
2024-07-04,Berlin,False,1.2320805476387076
2024-07-04,Berlin,True,1.2320805476387076
2024-07-04,Dortmund,False,1.1752241238793808
2024-07-04,Dortmund,True,1.1752241238793808
2024-07-04,Düsseldorf,False,1.6231884057971016
2024-07-04,Düsseldorf,True,1.6231884057971016
2024-07-04,Frankfurt am Main,False,1.2910029167601524
2024-07-04,Frankfurt am Main,True,1.2910029167601524
2024-07-04,Gelsenkirchen,False,1.0535455861070913
2024-07-04,Gelsenkirchen,True,1.0535455861070913
2024-07-04,Hamburg,False,0.8011220196353437
2024-07-04,Hamburg,True,0.8011220196353437
2024-07-04,Köln,False,0.9132256134051464
2024-07-04,Köln,True,0.9132256134051464
2024-07-04,Leipzig,False,0.8503703703703703
2024-07-04,Leipzig,True,0.8503703703703703
2024-07-04,München,False,0.8180869565217391
2024-07-04,München,True,0.8180869565217391
2024-07-04,Stuttgart,False,1.0978452843518194
2024-07-04,Stuttgart,True,1.0978452843518194
2024-07-05,Berlin,False,1.1099425027456553
2024-07-05,Berlin,True,1.1099425027456553
2024-07-05,Dortmund,False,1.3162503456539771
2024-07-05,Dortmund,True,1.3162503456539771
2024-07-05,Düsseldorf,False,0.7151132174828856
2024-07-05,Düsseldorf,True,0.7151132174828856
2024-07-05,Frankfurt am Main,False,1.2375849989697096
2024-07-05,Frankfurt am Main,True,1.2375849989697096
2024-07-05,Gelsenkirchen,False,0.827936847738828
2024-07-05,Gelsenkirchen,True,0.827936847738828
2024-07-05,Hamburg,False,1.1387521693362541
2024-07-05,Hamburg,True,1.1387521693362541
2024-07-05,Köln,False,1.3148853842997008
2024-07-05,Köln,True,1.3148853842997008
2024-07-05,Leipzig,False,0.8478074927296573
2024-07-05,Leipzig,True,0.8478074927296573
2024-07-05,München,False,0.6084889643463498
2024-07-05,München,True,0.6084889643463498
2024-07-05,Stuttgart,False,1.2344594594594593
2024-07-05,Stuttgart,True,1.376734941833058
2024-07-06,Berlin,False,0.7654394891748978
2024-07-06,Berlin,True,0.8159458393020363
2024-07-06,Dortmund,False,0.6836388913024588
2024-07-06,Dortmund,True,0.6836388913024588
2024-07-06,Düsseldorf,False,0.7958115183246073
2024-07-06,Düsseldorf,True,0.7958115183246073
2024-07-06,Frankfurt am Main,False,1.0708065126845894
2024-07-06,Frankfurt am Main,True,1.0708065126845894
2024-07-06,Gelsenkirchen,False,0.8890286073561772
2024-07-06,Gelsenkirchen,True,0.8890286073561772
2024-07-06,Hamburg,False,0.8948230984286127
2024-07-06,Hamburg,True,0.8948230984286127
2024-07-06,Köln,False,1.2748640118192194
2024-07-06,Köln,True,1.2748640118192194
2024-07-06,Leipzig,False,0.7787936995774106
2024-07-06,Leipzig,True,0.7787936995774106
2024-07-06,München,False,0.96028880866426
2024-07-06,München,True,0.96028880866426
2024-07-06,Stuttgart,False,0.6983273596176824
2024-07-06,Stuttgart,True,0.6983273596176824
2024-07-07,Berlin,False,1.010429234027722
2024-07-07,Berlin,True,1.010429234027722
2024-07-07,Dortmund,False,0.5785123966942148
2024-07-07,Dortmund,True,0.5785123966942148
2024-07-07,Düsseldorf,False,0.3949517446176688
2024-07-07,Düsseldorf,True,0.3949517446176688
2024-07-07,Frankfurt am Main,False,1.097254004576659
2024-07-07,Frankfurt am Main,True,1.097254004576659
2024-07-07,Gelsenkirchen,False,0.8038617886178862
2024-07-07,Gelsenkirchen,True,0.8038617886178862
2024-07-07,Hamburg,False,1.0748957913137014
2024-07-07,Hamburg,True,1.0748957913137014
2024-07-07,Köln,False,0.6551126516464472
2024-07-07,Köln,True,0.6551126516464472
2024-07-07,Leipzig,False,0.41052101686383086
2024-07-07,Leipzig,True,0.41052101686383086
2024-07-07,München,False,0.7289293849658315
2024-07-07,München,True,0.7289293849658315
2024-07-07,Stuttgart,False,0.9111178065682433
2024-07-07,Stuttgart,True,0.9111178065682433
2024-07-08,Berlin,False,0.9267165321132436
2024-07-08,Berlin,True,0.9267165321132436
2024-07-08,Dortmund,False,0.858790332474543
2024-07-08,Dortmund,True,0.858790332474543
2024-07-08,Düsseldorf,False,0.5512232415902141
2024-07-08,Düsseldorf,True,0.5512232415902141
2024-07-08,Frankfurt am Main,False,1.0879739707170568
2024-07-08,Frankfurt am Main,True,1.0879739707170568
2024-07-08,Gelsenkirchen,False,0.7903557777124376
2024-07-08,Gelsenkirchen,True,0.7903557777124376
2024-07-08,Hamburg,False,0.758451739343459
2024-07-08,Hamburg,True,0.758451739343459
2024-07-08,Köln,False,0.7104260478004849
2024-07-08,Köln,True,0.7104260478004849
2024-07-08,Leipzig,False,0.858957701746788
2024-07-08,Leipzig,True,0.858957701746788
2024-07-08,München,False,1.5994747209455025
2024-07-08,München,True,1.5994747209455025
2024-07-08,Stuttgart,False,0.8207261724659606
2024-07-08,Stuttgart,True,0.8207261724659606
2024-07-09,Berlin,False,1.2227889974564612
2024-07-09,Berlin,True,1.2227889974564612
2024-07-09,Dortmund,False,0.6772170797252912
2024-07-09,Dortmund,True,0.6772170797252912
2024-07-09,Düsseldorf,False,0.7870370370370371
2024-07-09,Düsseldorf,True,0.7870370370370371
2024-07-09,Frankfurt am Main,False,1.0530329289428075
2024-07-09,Frankfurt am Main,True,1.0530329289428075
2024-07-09,Gelsenkirchen,False,0.7243426632739611
2024-07-09,Gelsenkirchen,True,0.7243426632739611
2024-07-09,Hamburg,False,1.106219359800058
2024-07-09,Hamburg,True,1.106219359800058
2024-07-09,Köln,False,0.5419502993520874
2024-07-09,Köln,True,0.5419502993520874
2024-07-09,Leipzig,False,0.8376068376068376
2024-07-09,Leipzig,True,0.8376068376068376
2024-07-09,München,False,1.18249075215783
2024-07-09,München,True,1.18249075215783
2024-07-09,Stuttgart,False,0.9744253803820008
2024-07-09,Stuttgart,True,0.9744253803820008
2024-07-10,Berlin,False,0.8164861612515042
2024-07-10,Berlin,True,0.8164861612515042
2024-07-10,Dortmund,False,1.3451957295373664
2024-07-10,Dortmund,True,1.3451957295373664
2024-07-10,Düsseldorf,False,0.6105610561056104
2024-07-10,Düsseldorf,True,0.6105610561056104
2024-07-10,Frankfurt am Main,False,1.1033984092552425
2024-07-10,Frankfurt am Main,True,1.1033984092552425
2024-07-10,Gelsenkirchen,False,0.7944903581267218
2024-07-10,Gelsenkirchen,True,0.7944903581267218
2024-07-10,Hamburg,False,1.0653632355760017
2024-07-10,Hamburg,True,1.0653632355760017
2024-07-10,Köln,False,1.0651221039448964
2024-07-10,Köln,True,1.0651221039448964
2024-07-10,Leipzig,False,0.7531526697075394
2024-07-10,Leipzig,True,0.7531526697075394
2024-07-10,München,False,1.2581048799908996
2024-07-10,München,True,1.2581048799908996
2024-07-10,Stuttgart,False,0.7625103677080454
2024-07-10,Stuttgart,True,0.7625103677080454
2024-07-11,Berlin,False,0.8407159790107345
2024-07-11,Berlin,True,0.8407159790107345
2024-07-11,Dortmund,False,1.1790274381961425
2024-07-11,Dortmund,True,1.1790274381961425
2024-07-11,Düsseldorf,False,1.5732441471571905
2024-07-11,Düsseldorf,True,1.5732441471571905
2024-07-11,Frankfurt am Main,False,1.616109490688804
2024-07-11,Frankfurt am Main,True,1.7289642459003107
2024-07-11,Gelsenkirchen,False,0.4254703328509406
2024-07-11,Gelsenkirchen,True,0.4254703328509406
2024-07-11,Hamburg,False,1.0838709677419354
2024-07-11,Hamburg,True,1.0838709677419354
2024-07-11,Köln,False,0.9079892280071814
2024-07-11,Köln,True,0.9079892280071814
2024-07-11,Leipzig,False,1.0030976430976433
2024-07-11,Leipzig,True,1.0030976430976433
2024-07-11,München,False,1.0063768115942027
2024-07-11,München,True,1.0063768115942027
2024-07-11,Stuttgart,False,1.4291769692688097
2024-07-11,Stuttgart,True,1.4291769692688097
2024-07-12,Berlin,False,0.8091220363072549
2024-07-12,Berlin,True,0.8091220363072549
2024-07-12,Dortmund,False,0.9394414231726425
2024-07-12,Dortmund,True,0.9394414231726425
2024-07-12,Düsseldorf,False,0.5258908197296822
2024-07-12,Düsseldorf,True,0.5258908197296822
2024-07-12,Frankfurt am Main,False,1.5318359777457242
2024-07-12,Frankfurt am Main,True,1.6711260837830133
2024-07-12,Gelsenkirchen,False,0.6668450628846667
2024-07-12,Gelsenkirchen,True,0.6668450628846667
2024-07-12,Hamburg,False,1.3275484366553814
2024-07-12,Hamburg,True,1.3275484366553814
2024-07-12,Köln,False,1.0686521662660489
2024-07-12,Köln,True,1.1444189892069694
2024-07-12,Leipzig,False,0.363232023721275
2024-07-12,Leipzig,True,0.363232023721275
2024-07-12,München,False,0.7669496321448784
2024-07-12,München,True,0.7669496321448784
2024-07-12,Stuttgart,False,0.8466216216216218
2024-07-12,Stuttgart,True,0.8466216216216218
2024-07-13,Berlin,False,1.3297415943330342
2024-07-13,Berlin,True,1.3297415943330342
2024-07-13,Dortmund,False,1.6166478408202274
2024-07-13,Dortmund,True,1.6166478408202274
2024-07-13,Düsseldorf,False,0.3839441535776615
2024-07-13,Düsseldorf,True,0.3839441535776615
2024-07-13,Frankfurt am Main,False,1.5797046573267706
2024-07-13,Frankfurt am Main,True,1.6928310608132136
2024-07-13,Gelsenkirchen,False,0.8230116315624018
2024-07-13,Gelsenkirchen,True,0.8230116315624018
2024-07-13,Hamburg,False,1.15665670490697
2024-07-13,Hamburg,True,1.15665670490697
2024-07-13,Köln,False,0.9787119736753743
2024-07-13,Köln,True,1.0836572689494353
2024-07-13,Leipzig,False,0.45608912792931233
2024-07-13,Leipzig,True,0.45608912792931233
2024-07-13,München,False,1.1186522262334537
2024-07-13,München,True,1.1186522262334537
2024-07-13,Stuttgart,False,0.8405017921146954
2024-07-13,Stuttgart,True,0.8405017921146954
2024-07-14,Berlin,False,1.3587495643314838
2024-07-14,Berlin,True,1.3587495643314838
2024-07-14,Dortmund,False,0.5044628099173554
2024-07-14,Dortmund,True,0.5044628099173554
2024-07-14,Düsseldorf,False,0.6097500618658748
2024-07-14,Düsseldorf,True,0.6097500618658748
2024-07-14,Frankfurt am Main,False,0.7368421052631577
2024-07-14,Frankfurt am Main,True,0.7368421052631577
2024-07-14,Gelsenkirchen,False,0.9532520325203253
2024-07-14,Gelsenkirchen,True,0.9532520325203253
2024-07-14,Hamburg,False,1.1972569584509882
2024-07-14,Hamburg,True,1.280873703925776
2024-07-14,Köln,False,0.9988445984979781
2024-07-14,Köln,True,0.9988445984979781
2024-07-14,Leipzig,False,0.8809463881198089
2024-07-14,Leipzig,True,0.8809463881198089
2024-07-14,München,False,1.3097949886104783
2024-07-14,München,True,1.3097949886104783
2024-07-14,Stuttgart,False,0.8858089786080144
2024-07-14,Stuttgart,True,0.8858089786080144
2024-07-15,Berlin,False,0.8427676884398569
2024-07-15,Berlin,True,0.8427676884398569
2024-07-15,Dortmund,False,1.2315053367684947
2024-07-15,Dortmund,True,1.2315053367684947
2024-07-15,Düsseldorf,False,0.6341743119266054
2024-07-15,Düsseldorf,True,0.6341743119266054
2024-07-15,Frankfurt am Main,False,1.0091352771868352
2024-07-15,Frankfurt am Main,True,1.0091352771868352
2024-07-15,Gelsenkirchen,False,0.7738900323434285
2024-07-15,Gelsenkirchen,True,0.7738900323434285
2024-07-15,Hamburg,False,1.2449779519843214
2024-07-15,Hamburg,True,1.2449779519843214
2024-07-15,Köln,False,0.5310010391409767
2024-07-15,Köln,True,0.5310010391409767
2024-07-15,Leipzig,False,0.8569366248015015
2024-07-15,Leipzig,True,0.8569366248015015
2024-07-15,München,False,0.8751149047931714
2024-07-15,München,True,0.8751149047931714
2024-07-15,Stuttgart,False,2.520423600605143
2024-07-15,Stuttgart,True,2.520423600605143
2024-07-16,Berlin,False,1.0289796655871684
2024-07-16,Berlin,True,1.0289796655871684
2024-07-16,Dortmund,False,0.7134468000398129
2024-07-16,Dortmund,True,0.7134468000398129
2024-07-16,Düsseldorf,False,0.6574074074074072
2024-07-16,Düsseldorf,True,0.6574074074074072
2024-07-16,Frankfurt am Main,False,1.0967071057192372
2024-07-16,Frankfurt am Main,True,1.0967071057192372
2024-07-16,Gelsenkirchen,False,0.7480916030534351
2024-07-16,Gelsenkirchen,True,0.7480916030534351
2024-07-16,Hamburg,False,1.0685379217533404
2024-07-16,Hamburg,True,1.0685379217533404
2024-07-16,Köln,False,0.6292134831460675
2024-07-16,Köln,True,0.6292134831460675
2024-07-16,Leipzig,False,0.6913580246913582
2024-07-16,Leipzig,True,0.6913580246913582
2024-07-16,München,False,1.346485819975339
2024-07-16,München,True,1.346485819975339
2024-07-16,Stuttgart,False,1.8853998057623829
2024-07-16,Stuttgart,True,1.8853998057623829
2024-07-17,Berlin,False,0.8429602888086644
2024-07-17,Berlin,True,0.8429602888086644
2024-07-17,Dortmund,False,0.740688018979834
2024-07-17,Dortmund,True,0.740688018979834
2024-07-17,Düsseldorf,False,0.735973597359736
2024-07-17,Düsseldorf,True,0.735973597359736
2024-07-17,Frankfurt am Main,False,0.9869848156182213
2024-07-17,Frankfurt am Main,True,0.9869848156182213
2024-07-17,Gelsenkirchen,False,0.8831955922865016
2024-07-17,Gelsenkirchen,True,0.8831955922865016
2024-07-17,Hamburg,False,1.0921985815602835
2024-07-17,Hamburg,True,1.0921985815602835
2024-07-17,Köln,False,0.5961177207263619
2024-07-17,Köln,True,0.5961177207263619
2024-07-17,Leipzig,False,1.207673732224309
2024-07-17,Leipzig,True,1.387706196066312
2024-07-17,München,False,1.12273916505517
2024-07-17,München,True,1.12273916505517
2024-07-17,Stuttgart,False,3.293889964058612
2024-07-17,Stuttgart,True,3.293889964058612
2024-07-18,Berlin,False,1.1418373598273976
2024-07-18,Berlin,True,1.1418373598273976
2024-07-18,Dortmund,False,0.7872860635696823
2024-07-18,Dortmund,True,0.7872860635696823
2024-07-18,Düsseldorf,False,0.7772575250836119
2024-07-18,Düsseldorf,True,0.7772575250836119
2024-07-18,Frankfurt am Main,False,0.8543863585371327
2024-07-18,Frankfurt am Main,True,0.9486750632580764
2024-07-18,Gelsenkirchen,False,1.0940665701881331
2024-07-18,Gelsenkirchen,True,1.0940665701881331
2024-07-18,Hamburg,False,1.0720897615708274
2024-07-18,Hamburg,True,1.0720897615708274
2024-07-18,Köln,False,0.8482944344703772
2024-07-18,Köln,True,0.8482944344703772
2024-07-18,Leipzig,False,0.7183838383838385
2024-07-18,Leipzig,True,0.7183838383838385
2024-07-18,München,False,1.51768115942029
2024-07-18,München,True,1.51768115942029
2024-07-18,Stuttgart,False,0.9643235605793005
2024-07-18,Stuttgart,True,0.9643235605793005
2024-07-19,Berlin,False,0.7673363912397442
2024-07-19,Berlin,True,0.7673363912397442
2024-07-19,Dortmund,False,1.4362614065812518
2024-07-19,Dortmund,True,1.4362614065812518
2024-07-19,Düsseldorf,False,0.7986659645427416
2024-07-19,Düsseldorf,True,0.7986659645427416
2024-07-19,Frankfurt am Main,False,0.930352359365341
2024-07-19,Frankfurt am Main,True,0.930352359365341
2024-07-19,Gelsenkirchen,False,0.7118009098207118
2024-07-19,Gelsenkirchen,True,0.7118009098207118
2024-07-19,Hamburg,False,0.8937949870551081
2024-07-19,Hamburg,True,0.8937949870551081
2024-07-19,Köln,False,0.6155830450841296
2024-07-19,Köln,True,0.6155830450841296
2024-07-19,Leipzig,False,1.0681416433825628
2024-07-19,Leipzig,True,1.469733658958268
2024-07-19,München,False,1.1219015280135824
2024-07-19,München,True,1.1219015280135824
2024-07-19,Stuttgart,False,1.3385135135135133
2024-07-19,Stuttgart,True,1.461545387366566
2024-07-20,Berlin,False,0.7528684026738501
2024-07-20,Berlin,True,0.7528684026738501
2024-07-20,Dortmund,False,0.8429924406985836
2024-07-20,Dortmund,True,0.8429924406985836
2024-07-20,Düsseldorf,False,0.8935427574171031
2024-07-20,Düsseldorf,True,1.1807898996644794
2024-07-20,Frankfurt am Main,False,0.7845513063233625
2024-07-20,Frankfurt am Main,True,0.8297186265470863
2024-07-20,Gelsenkirchen,False,0.7745991826469664
2024-07-20,Gelsenkirchen,True,0.7745991826469664
2024-07-20,Hamburg,False,0.9474597512773544
2024-07-20,Hamburg,True,0.9474597512773544
2024-07-20,Köln,False,1.3848633402726478
2024-07-20,Köln,True,1.3848633402726478
2024-07-20,Leipzig,False,1.0541682673837878
2024-07-20,Leipzig,True,1.2038642093412195
2024-07-20,München,False,0.714320096269555
2024-07-20,München,True,0.714320096269555
2024-07-20,Stuttgart,False,1.1917562724014337
2024-07-20,Stuttgart,True,1.1917562724014337
2024-07-21,Berlin,False,1.0044237110914502
2024-07-21,Berlin,True,1.0044237110914502
2024-07-21,Dortmund,False,0.9996694214876034
2024-07-21,Dortmund,True,0.9996694214876034
2024-07-21,Düsseldorf,False,1.1155654540955209
2024-07-21,Düsseldorf,True,1.1155654540955209
2024-07-21,Frankfurt am Main,False,0.6460717009916094
2024-07-21,Frankfurt am Main,True,0.6460717009916094
2024-07-21,Gelsenkirchen,False,1.4654471544715446
2024-07-21,Gelsenkirchen,True,1.4654471544715446
2024-07-21,Hamburg,False,0.8113486620949308
2024-07-21,Hamburg,True,0.8113486620949308
2024-07-21,Köln,False,1.5906027344502216
2024-07-21,Köln,True,1.5906027344502216
2024-07-21,Leipzig,False,0.7576138937830357
2024-07-21,Leipzig,True,0.7576138937830357
2024-07-21,München,False,0.9840546697038722
2024-07-21,München,True,0.9840546697038722
2024-07-21,Stuttgart,False,1.1726423621572761
2024-07-21,Stuttgart,True,1.1726423621572761
2024-07-22,Berlin,False,0.6886428582582489
2024-07-22,Berlin,True,0.6886428582582489
2024-07-22,Dortmund,False,0.7694761378971904
2024-07-22,Dortmund,True,0.7694761378971904
2024-07-22,Düsseldorf,False,0.6047400611620796
2024-07-22,Düsseldorf,True,0.6047400611620796
2024-07-22,Frankfurt am Main,False,0.8829933675384808
2024-07-22,Frankfurt am Main,True,0.8829933675384808
2024-07-22,Gelsenkirchen,False,0.9467803587180241
2024-07-22,Gelsenkirchen,True,0.9467803587180241
2024-07-22,Hamburg,False,1.0156785889269968
2024-07-22,Hamburg,True,1.0156785889269968
2024-07-22,Köln,False,0.8292344994804295
2024-07-22,Köln,True,0.8292344994804295
2024-07-22,Leipzig,False,0.913526779269525
2024-07-22,Leipzig,True,0.913526779269525
2024-07-22,München,False,1.4523965856861456
2024-07-22,München,True,1.4523965856861456
2024-07-22,Stuttgart,False,1.0801815431164898
2024-07-22,Stuttgart,True,1.0801815431164898
2024-07-23,Berlin,False,0.6532308504871641
2024-07-23,Berlin,True,0.6532308504871641
2024-07-23,Dortmund,False,0.6019707375335922
2024-07-23,Dortmund,True,0.6019707375335922
2024-07-23,Düsseldorf,False,1.2469135802469136
2024-07-23,Düsseldorf,True,1.4350399771037805
2024-07-23,Frankfurt am Main,False,0.5273252455228191
2024-07-23,Frankfurt am Main,True,0.5273252455228191
2024-07-23,Gelsenkirchen,False,0.7441334464235229
2024-07-23,Gelsenkirchen,True,0.7441334464235229
2024-07-23,Hamburg,False,0.9312698260117275
2024-07-23,Hamburg,True,0.9640068966459412
2024-07-23,Köln,False,0.9334864266382351
2024-07-23,Köln,True,0.9334864266382351
2024-07-23,Leipzig,False,0.8983855650522318
2024-07-23,Leipzig,True,0.8983855650522318
2024-07-23,München,False,1.1565967940813813
2024-07-23,München,True,1.1565967940813813
2024-07-23,Stuttgart,False,0.9517643250242799
2024-07-23,Stuttgart,True,0.9517643250242799
2024-07-24,Berlin,False,0.906538307260329
2024-07-24,Berlin,True,0.906538307260329
2024-07-24,Dortmund,False,0.6211150652431792
2024-07-24,Dortmund,True,0.6211150652431792
2024-07-24,Düsseldorf,False,0.7920792079207919
2024-07-24,Düsseldorf,True,0.7920792079207919
2024-07-24,Frankfurt am Main,False,0.9161243673174261
2024-07-24,Frankfurt am Main,True,0.9161243673174261
2024-07-24,Gelsenkirchen,False,0.7019283746556474
2024-07-24,Gelsenkirchen,True,0.7019283746556474
2024-07-24,Hamburg,False,0.9794901284262989
2024-07-24,Hamburg,True,1.0893611273658643
2024-07-24,Köln,False,0.536944270507201
2024-07-24,Köln,True,0.536944270507201
2024-07-24,Leipzig,False,0.8658438422323584
2024-07-24,Leipzig,True,0.8658438422323584
2024-07-24,München,False,0.7389375497668068
2024-07-24,München,True,0.7389375497668068
2024-07-24,Stuttgart,False,0.8554050317943047
2024-07-24,Stuttgart,True,0.8554050317943047
2024-07-25,Berlin,False,0.9262978451375755
2024-07-25,Berlin,True,0.9262978451375755
2024-07-25,Dortmund,False,1.4319478402607988
2024-07-25,Dortmund,True,1.4319478402607988
2024-07-25,Düsseldorf,False,0.6867335562987738
2024-07-25,Düsseldorf,True,0.6867335562987738
2024-07-25,Frankfurt am Main,False,0.885797621718645
2024-07-25,Frankfurt am Main,True,0.885797621718645
2024-07-25,Gelsenkirchen,False,1.0251808972503618
2024-07-25,Gelsenkirchen,True,1.0251808972503618
2024-07-25,Hamburg,False,0.9254791958859281
2024-07-25,Hamburg,True,0.9254791958859281
2024-07-25,Köln,False,0.6618791143028128
2024-07-25,Köln,True,0.6618791143028128
2024-07-25,Leipzig,False,0.9144781144781143
2024-07-25,Leipzig,True,0.9144781144781143
2024-07-25,München,False,1.1605797101449273
2024-07-25,München,True,1.1605797101449273
2024-07-25,Stuttgart,False,1.1374072765807133
2024-07-25,Stuttgart,True,1.1374072765807133
2024-07-26,Berlin,False,0.8125589508366172
2024-07-26,Berlin,True,0.8125589508366172
2024-07-26,Dortmund,False,1.0375149783390174
2024-07-26,Dortmund,True,1.0375149783390174
2024-07-26,Düsseldorf,False,0.4349657714586624
2024-07-26,Düsseldorf,True,0.4349657714586624
2024-07-26,Frankfurt am Main,False,0.6029260251390892
2024-07-26,Frankfurt am Main,True,0.6029260251390892
2024-07-26,Gelsenkirchen,False,1.0564624029970564
2024-07-26,Gelsenkirchen,True,2.097237748199105
2024-07-26,Hamburg,False,0.9475660758485301
2024-07-26,Hamburg,True,0.9475660758485301
2024-07-26,Köln,False,0.4990326552148678
2024-07-26,Köln,True,0.4990326552148678
2024-07-26,Leipzig,False,0.6625990762388093
2024-07-26,Leipzig,True,0.6625990762388093
2024-07-26,München,False,0.874702886247878
2024-07-26,München,True,0.874702886247878
2024-07-26,Stuttgart,False,0.7993243243243242
2024-07-26,Stuttgart,True,0.7993243243243242
2024-07-27,Berlin,False,0.652998104359972
2024-07-27,Berlin,True,0.6616325090214438
2024-07-27,Dortmund,False,0.8867842557998088
2024-07-27,Dortmund,True,0.8867842557998088
2024-07-27,Düsseldorf,False,0.28446771378708546
2024-07-27,Düsseldorf,True,0.28446771378708546
2024-07-27,Frankfurt am Main,False,0.8905717531238169
2024-07-27,Frankfurt am Main,True,0.8905717531238169
2024-07-27,Gelsenkirchen,False,1.417164413706382
2024-07-27,Gelsenkirchen,True,2.589436413587829
2024-07-27,Hamburg,False,1.1134676564156945
2024-07-27,Hamburg,True,1.1134676564156945
2024-07-27,Köln,False,0.663756631522396
2024-07-27,Köln,True,0.663756631522396
2024-07-27,Leipzig,False,0.9057241644256628
2024-07-27,Leipzig,True,0.9057241644256628
2024-07-27,München,False,1.0243080625752106
2024-07-27,München,True,1.0243080625752106
2024-07-27,Stuttgart,False,1.01194743130227
2024-07-27,Stuttgart,True,1.01194743130227
2024-07-28,Berlin,False,0.7281696560229498
2024-07-28,Berlin,True,0.7281696560229498
2024-07-28,Dortmund,False,1.08297520661157
2024-07-28,Dortmund,True,1.08297520661157
2024-07-28,Düsseldorf,False,0.9631279386290521
2024-07-28,Düsseldorf,True,0.9631279386290521
2024-07-28,Frankfurt am Main,False,0.9450800915331806
2024-07-28,Frankfurt am Main,True,0.9450800915331806
2024-07-28,Gelsenkirchen,False,0.946138211382114
2024-07-28,Gelsenkirchen,True,0.946138211382114
2024-07-28,Hamburg,False,1.0711308323248623
2024-07-28,Hamburg,True,1.0711308323248623
2024-07-28,Köln,False,1.3102253032928943
2024-07-28,Köln,True,1.3102253032928943
2024-07-28,Leipzig,False,0.8844701736722881
2024-07-28,Leipzig,True,0.8844701736722881
2024-07-28,München,False,0.6287015945330295
2024-07-28,München,True,0.6287015945330295
2024-07-28,Stuttgart,False,1.2570051220247063
2024-07-28,Stuttgart,True,1.2570051220247063
2024-07-29,Berlin,False,0.9208138790424585
2024-07-29,Berlin,True,0.9208138790424585
2024-07-29,Dortmund,False,0.8450496871549504
2024-07-29,Dortmund,True,0.8450496871549504
2024-07-29,Düsseldorf,False,0.39602446483180426
2024-07-29,Düsseldorf,True,0.39602446483180426
2024-07-29,Frankfurt am Main,False,0.809410586910274
2024-07-29,Frankfurt am Main,True,0.809410586910274
2024-07-29,Gelsenkirchen,False,1.448985592472802
2024-07-29,Gelsenkirchen,True,2.8517937536996616
2024-07-29,Hamburg,False,1.0024497795198435
2024-07-29,Hamburg,True,1.0024497795198435
2024-07-29,Köln,False,0.5697956356078973
2024-07-29,Köln,True,0.5697956356078973
2024-07-29,Leipzig,False,0.9458640103941099
2024-07-29,Leipzig,True,0.9458640103941099
2024-07-29,München,False,0.9743926460932372
2024-07-29,München,True,0.9743926460932372
2024-07-29,Stuttgart,False,0.8789712556732224
2024-07-29,Stuttgart,True,0.8789712556732224
2024-07-30,Berlin,False,0.7518868055652079
2024-07-30,Berlin,True,0.7518868055652079
2024-07-30,Dortmund,False,0.5768886234696926
2024-07-30,Dortmund,True,0.5768886234696926
2024-07-30,Düsseldorf,False,0.9074074074074074
2024-07-30,Düsseldorf,True,0.9074074074074074
2024-07-30,Frankfurt am Main,False,0.8783362218370885
2024-07-30,Frankfurt am Main,True,0.8783362218370885
2024-07-30,Gelsenkirchen,False,1.0884930732258975
2024-07-30,Gelsenkirchen,True,2.2116922650216257
2024-07-30,Hamburg,False,0.9810631548591752
2024-07-30,Hamburg,True,0.9810631548591752
2024-07-30,Köln,False,0.5396538997785614
2024-07-30,Köln,True,0.5396538997785614
2024-07-30,Leipzig,False,0.8736942070275405
2024-07-30,Leipzig,True,0.8736942070275405
2024-07-30,München,False,0.9926017262638718
2024-07-30,München,True,0.9926017262638718
2024-07-30,Stuttgart,False,0.8248624150210424
2024-07-30,Stuttgart,True,0.8248624150210424
2024-07-31,Berlin,False,0.7789811472121941
2024-07-31,Berlin,True,0.7789811472121941
2024-07-31,Dortmund,False,0.8270462633451957
2024-07-31,Dortmund,True,0.8270462633451957
2024-07-31,Düsseldorf,False,0.594059405940594
2024-07-31,Düsseldorf,True,0.594059405940594
2024-07-31,Frankfurt am Main,False,0.9211858279103398
2024-07-31,Frankfurt am Main,True,0.9211858279103398
2024-07-31,Gelsenkirchen,False,1.2765840220385674
2024-07-31,Gelsenkirchen,True,3.064843549539342
2024-07-31,Hamburg,False,0.6386812344259154
2024-07-31,Hamburg,True,0.6386812344259154
2024-07-31,Köln,False,0.6925485284909205
2024-07-31,Köln,True,0.6925485284909205
2024-07-31,Leipzig,False,0.8376710491011539
2024-07-31,Leipzig,True,0.8376710491011539
2024-07-31,München,False,1.0908884085997044
2024-07-31,München,True,1.0908884085997044
2024-07-31,Stuttgart,False,0.723804257672104
2024-07-31,Stuttgart,True,0.723804257672104
2024-08-01,Berlin,False,0.7428282236368965
2024-08-01,Berlin,True,0.7428282236368965
2024-08-01,Dortmund,False,0.9051888073892964
2024-08-01,Dortmund,True,0.9051888073892964
2024-08-01,Düsseldorf,False,0.6648829431438125
2024-08-01,Düsseldorf,True,0.6648829431438125
2024-08-01,Frankfurt am Main,False,0.862239174332511
2024-08-01,Frankfurt am Main,True,0.862239174332511
2024-08-01,Gelsenkirchen,False,0.842836468885673
2024-08-01,Gelsenkirchen,True,0.842836468885673
2024-08-01,Hamburg,False,1.0171107994389903
2024-08-01,Hamburg,True,1.0171107994389903
2024-08-01,Köln,False,0.9802513464991022
2024-08-01,Köln,True,0.9802513464991022
2024-08-01,Leipzig,False,0.971043771043771
2024-08-01,Leipzig,True,0.971043771043771
2024-08-01,München,False,1.0713043478260869
2024-08-01,München,True,1.0713043478260869
2024-08-01,Stuttgart,False,0.7516778523489932
2024-08-01,Stuttgart,True,0.7516778523489932
2024-08-02,Berlin,False,1.00285548162026
2024-08-02,Berlin,True,1.00285548162026
2024-08-02,Dortmund,False,0.740713429809199
2024-08-02,Dortmund,True,0.740713429809199
2024-08-02,Düsseldorf,False,0.4447955064068808
2024-08-02,Düsseldorf,True,0.4447955064068808
2024-08-02,Frankfurt am Main,False,0.8221718524623943
2024-08-02,Frankfurt am Main,True,0.8221718524623943
2024-08-02,Gelsenkirchen,False,0.6818303451966818
2024-08-02,Gelsenkirchen,True,0.6818303451966818
2024-08-02,Hamburg,False,0.5154058436939885
2024-08-02,Hamburg,True,0.5154058436939885
2024-08-02,Köln,False,1.0194055226593188
2024-08-02,Köln,True,1.0622961814309055
2024-08-02,Leipzig,False,1.4209956092832297
2024-08-02,Leipzig,True,1.4209956092832297
2024-08-02,München,False,0.9761177136389358
2024-08-02,München,True,0.9761177136389358
2024-08-02,Stuttgart,False,0.6716216216216216
2024-08-02,Stuttgart,True,0.6716216216216216
2024-08-03,Berlin,False,1.009411686454488
2024-08-03,Berlin,True,1.034493814628002
2024-08-03,Dortmund,False,0.6666087409853158
2024-08-03,Dortmund,True,0.6666087409853158
2024-08-03,Düsseldorf,False,0.29668411867364747
2024-08-03,Düsseldorf,True,0.29668411867364747
2024-08-03,Frankfurt am Main,False,0.8216584627035216
2024-08-03,Frankfurt am Main,True,0.8216584627035216
2024-08-03,Gelsenkirchen,False,1.5095881798176674
2024-08-03,Gelsenkirchen,True,1.9184005576171395
2024-08-03,Hamburg,False,0.8115942028985506
2024-08-03,Hamburg,True,0.8115942028985506
2024-08-03,Köln,False,0.552817137868511
2024-08-03,Köln,True,0.552817137868511
2024-08-03,Leipzig,False,1.2520937379946213
2024-08-03,Leipzig,True,1.2520937379946213
2024-08-03,München,False,1.1658243080625754
2024-08-03,München,True,1.1658243080625754
2024-08-03,Stuttgart,False,1.848267622461171
2024-08-03,Stuttgart,True,1.848267622461171
2024-08-04,Berlin,False,1.1485562615619722
2024-08-04,Berlin,True,1.1485562615619722
2024-08-04,Dortmund,False,0.5738842975206613
2024-08-04,Dortmund,True,0.5738842975206613
2024-08-04,Düsseldorf,False,0.3707003217025488
2024-08-04,Düsseldorf,True,0.3707003217025488
2024-08-04,Frankfurt am Main,False,1.0491990846681922
2024-08-04,Frankfurt am Main,True,1.0491990846681922
2024-08-04,Gelsenkirchen,False,0.7256097560975611
2024-08-04,Gelsenkirchen,True,0.7256097560975611
2024-08-04,Hamburg,False,1.1991394379454081
2024-08-04,Hamburg,True,1.1991394379454081
2024-08-04,Köln,False,0.9664933564413636
2024-08-04,Köln,True,0.9664933564413636
2024-08-04,Leipzig,False,1.0395167379813746
2024-08-04,Leipzig,True,1.0395167379813746
2024-08-04,München,False,0.6195899772209568
2024-08-04,München,True,0.6195899772209568
2024-08-04,Stuttgart,False,0.40915938535703517
2024-08-04,Stuttgart,True,0.40915938535703517
